cliente_id,nome,endereco,telefone,email,data_registro
1,Kendre Audsley,PO Box 16029,809 559 7267,kaudsley0@hugedomains.com,07.09.2023
2,Sunny Densey,Apt 1426,239 429 4891,sdensey1@yahoo.com,05.09.2023
3,Mattie Broadey,Suite 85,127 962 4211,mbroadey2@vistaprint.com,24.01.2023
4,Jude Jiggens,Apt 1845,561 219 8390,jjiggens3@shareasale.com,12.01.2023
5,Daphne Pagin,PO Box 4688,216 187 5461,dpagin4@canalblog.com,16.01.2023
6,Brig Wilber,PO Box 80427,956 285 1829,bwilber5@washington.edu,20.05.2023
7,Blondie Mathiot,Room 1699,678 355 9707,bmathiot6@eepurl.com,11.01.2023
8,Bert Lugden,8th Floor,452 258 1853,blugden7@comcast.net,25.01.2023
9,Philomena Scarman,Apt 1434,473 240 1223,pscarman8@cbslocal.com,27.06.2023
10,Nevsa Pearlman,14th Floor,533 954 2686,npearlman9@aol.com,28.05.2023
11,Stephani Duggan,Apt 1890,792 364 9778,sduggana@craigslist.org,19.11.2023
12,Iver Lamplough,Room 684,422 470 4448,ilamploughb@forbes.com,29.08.2023
13,Katey Jouannisson,Room 440,487 136 4416,kjouannissonc@va.gov,04.09.2023
14,Nehemiah Jerred,PO Box 86666,196 784 7079,njerredd@storify.com,03.11.2023
15,Ruy Janovsky,PO Box 42469,507 714 1568,rjanovskye@prlog.org,08.01.2023
16,Teddie Poupard,PO Box 17777,798 185 7164,tpoupardf@tumblr.com,02.02.2023
17,Eben Ormiston,PO Box 58059,442 262 0041,eormistong@myspace.com,11.09.2023
18,Margalit Rubinowitsch,9th Floor,221 108 8082,mrubinowitschh@t-online.de,19.02.2023
19,Emmalynne McLaggan,PO Box 17104,191 986 7732,emclaggani@craigslist.org,01.11.2023
20,Weider Tidd,Suite 4,770 122 7203,wtiddj@admin.ch,05.01.2024
21,Patrizius Gommowe,Suite 60,221 102 5908,pgommowek@nyu.edu,20.06.2023
22,Nathanial Dalzell,Suite 61,498 870 3661,ndalzelll@tmall.com,27.09.2023
23,Roselin Nicely,Room 1633,215 303 9288,rnicelym@deviantart.com,26.08.2023
24,Alanna De Meyer,15th Floor,880 206 4821,aden@techcrunch.com,08.02.2023
25,Chuck Kentwell,Apt 450,707 734 8151,ckentwello@mail.ru,28.04.2023
26,Sharron Puttan,Apt 883,838 182 9011,sputtanp@theguardian.com,28.09.2023
27,Nevile Plumer,5th Floor,929 275 8497,nplumerq@ameblo.jp,21.11.2023
28,Carter Swyer,Suite 23,983 418 2576,cswyerr@foxnews.com,15.10.2023
29,Madonna Ollcott,7th Floor,758 832 7077,mollcotts@baidu.com,27.05.2023
30,Therese Sivell,Suite 48,500 487 9376,tsivellt@phoca.cz,07.03.2023
31,Bernetta Lathwell,3rd Floor,120 630 7506,blathwellu@cnbc.com,22.04.2023
32,Lennard Day,5th Floor,443 850 5797,ldayv@freewebs.com,31.08.2023
33,Gabriele Marlowe,15th Floor,951 811 9206,gmarlowew@mapquest.com,27.04.2023
34,Ame Fero,Room 1439,655 586 2071,aferox@sina.com.cn,27.04.2023
35,Worden Loffhead,Suite 29,177 689 7455,wloffheady@google.com,21.12.2023
36,Tadio Hattrick,PO Box 52252,867 382 7715,thattrickz@walmart.com,06.08.2023
37,Brendan Blackall,Room 1346,943 592 3194,bblackall10@vinaora.com,09.09.2023
38,Ainslie Eede,Room 1951,273 524 0830,aeede11@furl.net,03.09.2023
39,Wallas Gerren,Room 240,344 225 2492,wgerren12@dion.ne.jp,04.01.2024
40,Belva Crepel,Room 1255,225 628 9661,bcrepel13@go.com,08.02.2023
41,Beatrice Folke,PO Box 17818,316 924 0149,bfolke14@sciencedirect.com,02.10.2023
42,Jeannette Dawltrey,PO Box 50324,665 439 8048,jdawltrey15@tamu.edu,13.12.2023
43,Evvy Robert,PO Box 12477,439 355 3292,erobert16@google.nl,28.02.2023
44,Karlik Ridewood,PO Box 8863,945 418 4943,kridewood17@t-online.de,22.09.2023
45,Gwennie Broady,Apt 1209,852 997 4341,gbroady18@upenn.edu,27.07.2023
46,Angelique Binley,Suite 87,203 886 1787,abinley19@bloglovin.com,11.06.2023
47,Andre O'Kane,11th Floor,837 592 2736,aokane1a@prlog.org,11.01.2023
48,Melania Marousek,PO Box 89973,466 456 9732,mmarousek1b@freewebs.com,07.06.2023
49,Nicholas Asch,Suite 28,932 164 0269,nasch1c@amazon.co.jp,13.10.2023
50,Dore Le feuvre,Suite 62,444 135 6084,dle1d@marketwatch.com,14.10.2023
51,Trista Perocci,Room 151,861 232 2150,tperocci1e@ed.gov,10.03.2023
52,Carly Cartmail,14th Floor,284 849 0940,ccartmail1f@g.co,20.06.2023
53,Richy Giannini,Suite 32,987 249 3296,rgiannini1g@ovh.net,25.12.2023
54,Loretta Casillas,9th Floor,282 710 4764,lcasillas1h@goodreads.com,12.02.2023
55,Kellen Szachniewicz,3rd Floor,928 225 3246,kszachniewicz1i@bing.com,21.05.2023
56,Humfried Hucke,Suite 90,851 796 0745,hhucke1j@sakura.ne.jp,19.08.2023
57,Deirdre Richardin,PO Box 80045,568 992 6987,drichardin1k@myspace.com,20.11.2023
58,Merrielle Grealy,Suite 73,830 506 1092,mgrealy1l@census.gov,20.04.2023
59,Alexio Scourgie,Room 1040,200 302 8036,ascourgie1m@ehow.com,02.04.2023
60,Madelin Moughtin,6th Floor,455 531 8599,mmoughtin1n@indiegogo.com,26.04.2023
61,Dorian Culcheth,PO Box 92608,898 765 2575,dculcheth1o@oracle.com,24.11.2023
62,Axe MacEnelly,PO Box 8015,646 825 6499,amacenelly1p@ca.gov,22.03.2023
63,Sarge Moorfield,PO Box 41221,296 744 8860,smoorfield1q@unicef.org,02.11.2023
64,Christian Corris,Room 1493,676 874 1624,ccorris1r@bigcartel.com,15.10.2023
65,Valli Beenham,PO Box 24094,450 723 4461,vbeenham1s@go.com,26.08.2023
66,Ammamaria Tunno,PO Box 46545,450 827 6871,atunno1t@europa.eu,12.03.2023
67,Kelci West-Frimley,4th Floor,225 982 3813,kwestfrimley1u@ted.com,10.06.2023
68,Stevy Bampforth,PO Box 5556,755 950 1458,sbampforth1v@opera.com,31.12.2023
69,Caprice Spurr,Suite 19,893 549 7151,cspurr1w@technorati.com,26.06.2023
70,Adela Blastock,PO Box 54266,693 703 1201,ablastock1x@google.fr,03.03.2023
71,Arnuad ducarme,Room 1456,298 803 3282,aducarme1y@ehow.com,01.07.2023
72,De McFaul,Suite 40,805 322 2792,dmcfaul1z@elegantthemes.com,01.08.2023
73,Carmela Sowthcote,13th Floor,212 966 5117,csowthcote20@discovery.com,27.10.2023
74,Venus Arrigucci,Apt 1058,502 129 5853,varrigucci21@w3.org,30.11.2023
75,Gwynne Barenski,20th Floor,208 424 7151,gbarenski22@mozilla.com,27.07.2023
76,Bartel Devenport,Apt 1045,950 581 1836,bdevenport23@nature.com,30.03.2023
77,Fanni Vashchenko,Suite 3,629 332 4315,fvashchenko24@vk.com,10.06.2023
78,Verna Paur,Apt 241,214 580 2792,vpaur25@goo.gl,17.01.2023
79,Gabby Klich,Room 604,661 334 6508,gklich26@jiathis.com,14.01.2023
80,Waylan Tort,16th Floor,167 918 5255,wtort27@nbcnews.com,04.12.2023
81,Broddy Paolicchi,Apt 897,367 429 7534,bpaolicchi28@xing.com,09.09.2023
82,Zita Dagless,8th Floor,187 798 2478,zdagless29@cam.ac.uk,21.04.2023
83,Scarface Janjusevic,Room 873,827 775 1214,sjanjusevic2a@berkeley.edu,29.03.2023
84,Dalt Ballham,4th Floor,865 239 6021,dballham2b@nyu.edu,31.05.2023
85,Astrid Marler,PO Box 88572,316 586 3777,amarler2c@walmart.com,10.05.2023
86,Othella Bridgnell,PO Box 37804,842 639 5897,obridgnell2d@mapy.cz,10.12.2023
87,Ransom Axtens,Apt 770,208 276 1342,raxtens2e@netlog.com,03.03.2023
88,Angelica Elis,Apt 1887,214 278 6933,aelis2f@pagesperso-orange.fr,18.10.2023
89,Dara MacKessock,11th Floor,111 294 1828,dmackessock2g@reference.com,25.07.2023
90,Raimondo Wardlaw,Apt 992,582 119 6214,rwardlaw2h@nasa.gov,31.08.2023
91,Ruggiero Harpham,Room 386,973 205 0956,rharpham2i@ucoz.ru,12.10.2023
92,Amery Aubri,6th Floor,186 141 3285,aaubri2j@bluehost.com,18.10.2023
93,Huey St. Paul,Suite 13,497 651 7115,hst2k@redcross.org,04.02.2023
94,Jeramey Jedrzejewicz,Room 1768,827 535 2245,jjedrzejewicz2l@theguardian.com,23.09.2023
95,Aleda Geer,PO Box 38479,838 770 8664,ageer2m@google.ru,23.10.2023
96,Lacy Bernaldo,Apt 199,715 817 8839,lbernaldo2n@loc.gov,29.01.2023
97,Spence Ryman,16th Floor,571 363 4031,sryman2o@w3.org,18.11.2023
98,Tiffani Morrissey,Room 1090,508 876 5553,tmorrissey2p@example.com,19.02.2023
99,Amity Stitle,Suite 94,645 309 5373,astitle2q@google.pl,02.01.2023
100,Rodie Flamank,Suite 12,868 908 9157,rflamank2r@bloglovin.com,23.03.2023
101,Allissa Carse,Suite 23,994 211 3052,acarse2s@fema.gov,23.05.2023
102,Jess Hairsine,Room 1509,524 857 2603,jhairsine2t@boston.com,20.08.2023
103,Sancho Farndale,PO Box 51675,872 444 4063,sfarndale2u@imageshack.us,12.06.2023
104,Vannie Raffan,Room 1048,290 990 4552,vraffan2v@washington.edu,24.10.2023
105,Kacey Panons,Room 618,438 283 6237,kpanons2w@blinklist.com,16.12.2023
106,Shawna Colum,15th Floor,443 845 4111,scolum2x@weather.com,19.06.2023
107,Mireille Dovermann,Room 1840,821 742 8148,mdovermann2y@webnode.com,21.01.2023
108,Conni Sircomb,PO Box 3089,279 254 2834,csircomb2z@google.cn,01.06.2023
109,Broderick Helmke,Apt 1685,596 510 9332,bhelmke30@technorati.com,28.05.2023
110,Arlinda Borer,Apt 482,393 478 6198,aborer31@adobe.com,06.04.2023
111,Danny Rope,Suite 35,744 236 5366,drope32@theglobeandmail.com,11.06.2023
112,Robin Readhead,Apt 885,670 758 5989,rreadhead33@telegraph.co.uk,14.04.2023
113,Fabio Kullmann,PO Box 27832,271 936 4815,fkullmann34@usa.gov,11.08.2023
114,Rhonda Smeeton,Room 1726,646 597 4150,rsmeeton35@dell.com,14.09.2023
115,Tasha Clynman,PO Box 87455,832 498 3580,tclynman36@zdnet.com,18.04.2023
116,Druci Garry,Apt 484,616 391 8484,dgarry37@ucoz.ru,28.02.2023
117,Kendra Dillimore,PO Box 94737,268 119 5506,kdillimore38@nifty.com,24.05.2023
118,Hartley McPaik,PO Box 34127,519 970 7969,hmcpaik39@goo.gl,08.05.2023
119,Vicki Malkinson,Suite 98,860 969 5827,vmalkinson3a@posterous.com,21.05.2023
120,Vina Castello,PO Box 19996,401 344 3138,vcastello3b@last.fm,20.06.2023
121,Karney Obeney,Room 443,600 976 7892,kobeney3c@networkadvertising.org,18.05.2023
122,Selle Hollingsbee,Room 1885,148 847 0703,shollingsbee3d@mit.edu,02.02.2023
123,Hagan Ragbourn,Room 1604,776 409 0246,hragbourn3e@tripod.com,22.10.2023
124,Meyer Ghidini,Room 1712,873 805 1325,mghidini3f@mac.com,06.07.2023
125,Lanny Ruggier,Apt 259,275 491 7435,lruggier3g@domainmarket.com,12.03.2023
126,Noni Sibbons,PO Box 67305,470 738 3384,nsibbons3h@icio.us,17.08.2023
127,Janeta Dyerson,PO Box 50346,341 783 5082,jdyerson3i@statcounter.com,02.10.2023
128,Nerta Blaze,Apt 766,482 338 2768,nblaze3j@blogs.com,15.11.2023
129,Doralia Foxcroft,Suite 71,246 877 1008,dfoxcroft3k@dailymail.co.uk,08.11.2023
130,Yvor Labbet,Apt 1906,797 649 0896,ylabbet3l@bloglovin.com,09.12.2023
131,Rani Godspede,PO Box 65689,496 722 5907,rgodspede3m@unicef.org,14.05.2023
132,Abey Dethloff,PO Box 84613,587 384 0921,adethloff3n@facebook.com,04.06.2023
133,Ad Delicate,PO Box 28029,413 342 1907,adelicate3o@weibo.com,22.05.2023
134,Kenn Bessett,1st Floor,325 296 6637,kbessett3p@google.es,23.06.2023
135,Nady Gwyer,Suite 21,813 384 3440,ngwyer3q@disqus.com,01.04.2023
136,Far Gergus,Suite 69,329 443 5211,fgergus3r@dailymotion.com,02.06.2023
137,Archibold Livesley,3rd Floor,422 916 8965,alivesley3s@discovery.com,02.07.2023
138,Retha Galer,Room 80,935 962 0084,rgaler3t@phoca.cz,15.02.2023
139,Jania Vallery,7th Floor,717 964 4125,jvallery3u@ucoz.ru,08.05.2023
140,Worth Sextie,14th Floor,343 168 2819,wsextie3v@zdnet.com,17.09.2023
141,Denny Gouck,18th Floor,959 595 0112,dgouck3w@businessinsider.com,06.09.2023
142,Maureen Longmaid,Suite 45,703 333 0923,mlongmaid3x@tripod.com,12.09.2023
143,Hervey Kenninghan,PO Box 43453,881 809 1976,hkenninghan3y@sphinn.com,02.09.2023
144,Teresa Aires,Suite 94,476 482 8346,taires3z@vimeo.com,04.05.2023
145,Joelle Buckthorp,Suite 87,129 794 4376,jbuckthorp40@cam.ac.uk,10.07.2023
146,Shawn Meeny,PO Box 51002,411 170 6060,smeeny41@typepad.com,16.12.2023
147,Clea Kinchin,Room 1816,466 505 4724,ckinchin42@weebly.com,02.05.2023
148,Porty Lancaster,Room 1696,532 669 3703,plancaster43@people.com.cn,27.03.2023
149,Abigail Meachan,Suite 63,295 930 1361,ameachan44@abc.net.au,09.09.2023
150,Jobi McDowall,Suite 16,886 995 3881,jmcdowall45@uiuc.edu,05.04.2023
151,Neron Pitsall,Suite 5,448 160 3830,npitsall46@dell.com,16.12.2023
152,Kelly Poulden,Room 1138,626 928 9139,kpoulden47@sciencedaily.com,20.06.2023
153,Virgil Killen,Apt 1629,376 859 3843,vkillen48@disqus.com,25.03.2023
154,Anestassia Lonergan,Room 1979,827 753 6211,alonergan49@craigslist.org,11.07.2023
155,Thea Menat,Apt 766,593 422 1129,tmenat4a@yahoo.com,29.01.2023
156,Kincaid Melrose,Suite 15,320 638 8809,kmelrose4b@nytimes.com,09.04.2023
157,Bryce Fumagall,14th Floor,420 601 2522,bfumagall4c@t-online.de,25.04.2023
158,Fonzie Bourdel,PO Box 58160,425 443 7901,fbourdel4d@latimes.com,18.08.2023
159,Gorden Lathan,Room 1369,145 130 5089,glathan4e@wordpress.org,09.07.2023
160,Adrian Deluze,Room 1887,176 162 5758,adeluze4f@microsoft.com,14.09.2023
161,Joana McCambrois,Suite 27,741 490 1583,jmccambrois4g@fastcompany.com,18.06.2023
162,Blondelle Duns,PO Box 68147,269 470 2172,bduns4h@e-recht24.de,13.09.2023
163,Sisely Christopher,Apt 251,872 767 6182,schristopher4i@csmonitor.com,09.10.2023
164,Maressa Shuxsmith,Apt 1571,991 324 7462,mshuxsmith4j@opera.com,15.05.2023
165,Goldia Enderle,Apt 376,221 366 5998,genderle4k@dot.gov,13.07.2023
166,Steward Hedge,PO Box 35749,651 923 2539,shedge4l@istockphoto.com,21.11.2023
167,Giovanni Crucitti,Suite 93,362 924 6043,gcrucitti4m@qq.com,12.03.2023
168,Freddy Dermott,PO Box 77812,442 969 8158,fdermott4n@samsung.com,06.05.2023
169,Elvina Callery,Apt 1887,370 274 8181,ecallery4o@yahoo.com,01.02.2023
170,Imogen Bertolin,Apt 1254,984 460 1880,ibertolin4p@timesonline.co.uk,14.12.2023
171,Erma Ummfrey,Room 1258,602 262 7532,eummfrey4q@time.com,22.08.2023
172,Corbie Hyndson,Suite 75,749 290 7024,chyndson4r@netscape.com,10.11.2023
173,Cloris Burnard,PO Box 91705,735 516 0806,cburnard4s@istockphoto.com,11.09.2023
174,Michell Killcross,Room 279,720 835 4246,mkillcross4t@hatena.ne.jp,14.02.2023
175,Dionne Saiger,Apt 1199,358 246 0460,dsaiger4u@nytimes.com,14.02.2023
176,Marv Praten,Suite 8,873 489 1612,mpraten4v@sciencedaily.com,30.12.2023
177,Trent Janaud,Apt 1145,867 235 8040,tjanaud4w@ft.com,10.08.2023
178,Kennett Oliva,Room 1773,695 601 9690,koliva4x@samsung.com,08.10.2023
179,Geraldine Conti,PO Box 8465,362 875 7226,gconti4y@bloglovin.com,10.03.2023
180,Frederico Rickis,PO Box 82014,465 558 8257,frickis4z@indiegogo.com,30.06.2023
181,Allissa Scoone,Room 1938,218 902 9813,ascoone50@reuters.com,12.02.2023
182,Blythe Steart,Room 269,849 399 7433,bsteart51@shop-pro.jp,16.05.2023
183,Edwina Gameson,Room 1367,452 289 6778,egameson52@pcworld.com,18.03.2023
184,Prent Lavrick,PO Box 84508,769 476 4346,plavrick53@1688.com,17.07.2023
185,Burty Bleier,13th Floor,890 607 9819,bbleier54@nbcnews.com,15.11.2023
186,Corey Piolli,15th Floor,680 533 0264,cpiolli55@pagesperso-orange.fr,05.02.2023
187,Dudley Ormerod,15th Floor,250 639 5988,dormerod56@imdb.com,14.08.2023
188,Daniela Gilhouley,PO Box 17554,889 727 8499,dgilhouley57@deviantart.com,16.04.2023
189,Moritz Quig,Room 1223,887 718 7875,mquig58@baidu.com,21.08.2023
190,Teena Shannahan,14th Floor,188 946 8768,tshannahan59@reddit.com,01.11.2023
191,Benedetta Cholton,10th Floor,103 355 3307,bcholton5a@alexa.com,21.12.2023
192,Laurie Augar,Room 77,180 994 9851,laugar5b@paginegialle.it,02.10.2023
193,Gizela Davids,Suite 62,275 189 4730,gdavids5c@a8.net,21.01.2023
194,Gunter Pevie,Room 922,241 709 9805,gpevie5d@shop-pro.jp,16.09.2023
195,Rab Raith,1st Floor,397 536 7983,rraith5e@addtoany.com,27.04.2023
196,Serene Crenage,PO Box 29103,410 870 1740,screnage5f@exblog.jp,10.04.2023
197,Cary Addinall,Suite 48,865 623 9083,caddinall5g@scribd.com,05.04.2023
198,Lion Whaley,Suite 26,120 389 8561,lwhaley5h@hexun.com,13.07.2023
199,Brittne Wycliffe,6th Floor,298 584 1907,bwycliffe5i@whitehouse.gov,17.01.2023
200,Maybelle Curling,Apt 1071,598 200 2193,mcurling5j@discuz.net,31.05.2023
201,Binky Eastlake,4th Floor,178 856 0928,beastlake5k@wired.com,17.11.2023
202,Adrian Pohl,14th Floor,419 763 2021,apohl5l@reddit.com,23.03.2023
203,Mordy Posselow,Apt 1461,410 776 6595,mposselow5m@ft.com,04.10.2023
204,Fedora Berget,PO Box 32013,160 592 7700,fberget5n@technorati.com,25.10.2023
205,Lavinia Cheese,Room 1815,139 413 6385,lcheese5o@tinyurl.com,14.03.2023
206,Faber McClintock,Apt 1730,485 903 5011,fmcclintock5p@earthlink.net,07.11.2023
207,Dallas Thursfield,PO Box 4952,733 285 3507,dthursfield5q@ebay.co.uk,29.08.2023
208,Ave Coakley,Room 1193,955 899 8913,acoakley5r@msn.com,31.12.2023
209,Isacco Toft,PO Box 34807,120 325 4930,itoft5s@google.ca,23.02.2023
210,Bronnie Raggles,12th Floor,796 856 4593,braggles5t@washington.edu,24.09.2023
211,Yancey Axelbee,Suite 100,330 726 9043,yaxelbee5u@umich.edu,15.04.2023
212,Gerrie Crabbe,Apt 510,315 308 3163,gcrabbe5v@dell.com,11.12.2023
213,Karia Rollinshaw,PO Box 48203,664 161 3790,krollinshaw5w@cafepress.com,19.02.2023
214,Jennee Knowlton,Room 922,955 313 0311,jknowlton5x@globo.com,24.01.2023
215,Neddie Crumpton,Suite 100,190 786 6148,ncrumpton5y@earthlink.net,17.06.2023
216,Fleurette Maplethorp,Apt 426,636 567 6021,fmaplethorp5z@cocolog-nifty.com,14.01.2023
217,Andreas Beavors,PO Box 60503,293 366 7126,abeavors60@msn.com,20.07.2023
218,Ranee Sumner,Apt 866,780 338 5332,rsumner61@patch.com,26.01.2023
219,Jonis Zealander,Room 474,638 491 7226,jzealander62@blogs.com,21.01.2023
220,Cherish Auckland,Suite 19,394 425 0807,cauckland63@senate.gov,04.03.2023
221,Walton Callan,2nd Floor,696 365 7168,wcallan64@homestead.com,14.11.2023
222,Carlyn Talmadge,PO Box 73040,755 610 2005,ctalmadge65@xinhuanet.com,08.10.2023
223,Lamar Peperell,Suite 90,117 256 8263,lpeperell66@plala.or.jp,15.02.2023
224,Rivi MacGown,PO Box 50526,468 125 1186,rmacgown67@ow.ly,01.10.2023
225,Cortie Lewins,PO Box 35858,379 824 7147,clewins68@unesco.org,30.03.2023
226,Susette Tyhurst,18th Floor,216 172 8834,styhurst69@rambler.ru,10.07.2023
227,Lizabeth Loughton,17th Floor,245 850 5088,lloughton6a@oracle.com,30.11.2023
228,Dur Swafield,Apt 134,893 350 4004,dswafield6b@fema.gov,05.09.2023
229,Netta Holcroft,Room 1759,203 153 3384,nholcroft6c@hexun.com,15.05.2023
230,Ceil Girodier,Apt 402,517 504 9646,cgirodier6d@jigsy.com,31.05.2023
231,Kristy Berndtssen,Suite 95,777 662 5662,kberndtssen6e@tinypic.com,10.04.2023
232,Turner Fordy,Suite 27,342 724 3368,tfordy6f@newsvine.com,27.06.2023
233,Christye Flowitt,PO Box 70363,305 891 0278,cflowitt6g@diigo.com,08.04.2023
234,Burke Puckett,Suite 11,280 393 7864,bpuckett6h@statcounter.com,08.07.2023
235,Vernon Calafate,Room 1623,690 332 4402,vcalafate6i@tiny.cc,03.06.2023
236,Graehme Jirus,Suite 37,771 804 0243,gjirus6j@blogs.com,09.07.2023
237,Neysa Doneld,Suite 50,603 426 9619,ndoneld6k@netlog.com,16.08.2023
238,Janelle Beebe,Apt 802,602 266 2200,jbeebe6l@51.la,03.04.2023
239,Lemmy Beveridge,PO Box 5094,948 917 8760,lbeveridge6m@weather.com,06.11.2023
240,Reider Georgeson,PO Box 27123,158 916 3874,rgeorgeson6n@ehow.com,18.06.2023
241,Olivier Nuscha,PO Box 45222,663 597 4137,onuscha6o@illinois.edu,17.03.2023
242,Worthington Wreak,Room 472,447 294 3870,wwreak6p@dmoz.org,11.03.2023
243,Muffin Strewthers,Room 1901,712 866 3786,mstrewthers6q@hc360.com,08.02.2023
244,Juliane de Pinna,Apt 1203,730 861 1356,jde6r@i2i.jp,24.02.2023
245,Rennie Kibel,Apt 379,467 223 3520,rkibel6s@taobao.com,10.11.2023
246,Luigi Gittoes,Apt 1929,945 664 2810,lgittoes6t@netscape.com,20.06.2023
247,Jamison Hincham,Suite 1,809 655 3524,jhincham6u@latimes.com,25.09.2023
248,Abbey Jobbing,Apt 788,831 293 9889,ajobbing6v@tiny.cc,30.03.2023
249,Penrod Fairbrace,Suite 100,687 134 4572,pfairbrace6w@addtoany.com,23.11.2023
250,Mirabel Mc Comb,Apt 1636,169 928 2979,mmc6x@youtu.be,06.05.2023
251,Pattie Chappel,Apt 593,779 932 2857,pchappel6y@apache.org,19.02.2023
252,Clarance Rosendale,Suite 56,342 205 5951,crosendale6z@scientificamerican.com,23.01.2023
253,Modesta McNea,17th Floor,105 674 0777,mmcnea70@amazonaws.com,20.02.2023
254,Teriann Ellor,3rd Floor,536 240 2527,tellor71@reverbnation.com,16.09.2023
255,Carmella Jirick,Room 1657,947 288 1040,cjirick72@cnet.com,21.07.2023
256,Martita Moncarr,Suite 34,178 709 3325,mmoncarr73@who.int,23.02.2023
257,Myrah Spracklin,19th Floor,514 290 1952,mspracklin74@tmall.com,05.09.2023
258,Pansy Kerman,Apt 432,487 879 4244,pkerman75@goo.gl,10.02.2023
259,Janis Spelwood,4th Floor,142 286 5223,jspelwood76@hc360.com,17.08.2023
260,Emilee Kettow,Room 1139,925 487 0324,ekettow77@joomla.org,13.08.2023
261,Laural Yackiminie,Apt 1756,348 600 6569,lyackiminie78@pinterest.com,14.05.2023
262,Rosmunda Furse,Room 1075,417 598 5300,rfurse79@opensource.org,19.09.2023
263,Ulrike Blaby,Suite 15,138 792 4815,ublaby7a@1und1.de,02.12.2023
264,Aimil Cote,PO Box 30086,237 867 1163,acote7b@spotify.com,08.05.2023
265,Rosa Ainscow,Suite 35,396 280 5258,rainscow7c@spiegel.de,17.01.2023
266,Papagena Urridge,16th Floor,432 289 1852,purridge7d@bravesites.com,12.09.2023
267,Geoffrey Hansana,PO Box 94013,523 544 4055,ghansana7e@trellian.com,05.04.2023
268,Caria Choake,Suite 35,805 532 4938,cchoake7f@issuu.com,26.02.2023
269,Rufus Litherland,PO Box 35494,415 390 6488,rlitherland7g@naver.com,11.06.2023
270,Floria Storrar,Apt 130,313 160 9390,fstorrar7h@cam.ac.uk,05.01.2024
271,Salaidh Kerrigan,5th Floor,652 187 6309,skerrigan7i@cbslocal.com,02.02.2023
272,Lizbeth Slater,7th Floor,456 232 7778,lslater7j@123-reg.co.uk,18.11.2023
273,Tiffanie Cocklie,PO Box 18003,641 871 0556,tcocklie7k@harvard.edu,29.12.2023
274,Perren Fruish,Apt 833,950 442 3326,pfruish7l@over-blog.com,18.02.2023
275,Jemmie Mendonca,PO Box 97667,170 523 0637,jmendonca7m@techcrunch.com,26.03.2023
276,Demetria Scranedge,PO Box 14333,675 351 0593,dscranedge7n@themeforest.net,20.12.2023
277,Palm Rosensaft,Apt 998,567 806 4365,prosensaft7o@guardian.co.uk,12.11.2023
278,Lidia Grishanin,11th Floor,513 318 0311,lgrishanin7p@cnet.com,22.01.2023
279,Fairleigh Belamy,Apt 1948,302 856 3216,fbelamy7q@cbc.ca,17.11.2023
280,Kiley Herculson,Apt 447,931 958 5857,kherculson7r@scientificamerican.com,21.10.2023
281,Gretel Aicheson,PO Box 37619,126 122 4770,gaicheson7s@blogspot.com,29.07.2023
282,Pammi Ryves,1st Floor,506 279 2851,pryves7t@prlog.org,22.08.2023
283,Florian Littrik,PO Box 57406,903 307 1956,flittrik7u@google.es,14.05.2023
284,Linnea Waggatt,Room 1658,604 438 6059,lwaggatt7v@yahoo.com,01.01.2024
285,Isabelita Hazeldene,4th Floor,497 944 9612,ihazeldene7w@pen.io,15.09.2023
286,Alphard Allington,Suite 63,205 606 2188,aallington7x@microsoft.com,27.01.2023
287,Pacorro Kernell,Room 278,505 175 1869,pkernell7y@1688.com,03.04.2023
288,Wendie Stolting,Apt 1008,814 652 5346,wstolting7z@shareasale.com,11.10.2023
289,Marline Gianni,11th Floor,642 284 4423,mgianni80@comcast.net,01.12.2023
290,Thatcher Proven,8th Floor,987 256 2502,tproven81@webs.com,16.09.2023
291,Susana Kaines,PO Box 64608,123 737 8854,skaines82@redcross.org,03.06.2023
292,Loleta Stiffkins,PO Box 96105,350 952 4653,lstiffkins83@csmonitor.com,19.04.2023
293,Benedikt Diplock,Room 736,803 722 8783,bdiplock84@nsw.gov.au,16.11.2023
294,Bab Grishukhin,9th Floor,699 607 1356,bgrishukhin85@mail.ru,18.12.2023
295,Ophelie Enevold,Room 1047,213 847 5015,oenevold86@state.tx.us,07.06.2023
296,Germaine MacMenemy,15th Floor,430 902 7079,gmacmenemy87@samsung.com,02.01.2024
297,Gwyneth Laye,Apt 567,973 708 9113,glaye88@ted.com,28.05.2023
298,Bertine Guihen,Apt 1949,743 277 4131,bguihen89@seattletimes.com,19.06.2023
299,Ladonna Varne,8th Floor,743 716 9153,lvarne8a@wiley.com,20.03.2023
300,Tabatha Godfroy,Suite 1,394 774 1249,tgodfroy8b@wufoo.com,07.06.2023
301,Marjorie Calloway,14th Floor,822 665 4848,mcalloway8c@addtoany.com,26.09.2023
302,Chuck Brotherhood,PO Box 53385,627 817 3172,cbrotherhood8d@japanpost.jp,19.04.2023
303,Darwin Hutable,Apt 1097,673 521 2437,dhutable8e@themeforest.net,10.03.2023
304,Culley Minot,Apt 1570,177 247 8416,cminot8f@samsung.com,19.09.2023
305,Bud Widdowfield,Suite 86,747 231 6522,bwiddowfield8g@storify.com,05.11.2023
306,Prentice Evetts,Room 42,947 936 8704,pevetts8h@devhub.com,14.06.2023
307,Ruthanne Ulyat,5th Floor,114 889 1751,rulyat8i@marriott.com,10.11.2023
308,Clay Wardington,PO Box 65896,966 558 5382,cwardington8j@barnesandnoble.com,02.05.2023
309,Correy Blasdale,PO Box 38197,776 609 7940,cblasdale8k@github.io,29.06.2023
310,Alfredo Gildroy,Suite 42,744 269 5258,agildroy8l@bluehost.com,20.04.2023
311,Dall Deboick,5th Floor,280 494 2494,ddeboick8m@123-reg.co.uk,21.07.2023
312,Jeth Mudge,Suite 87,629 298 2850,jmudge8n@e-recht24.de,13.11.2023
313,Raquel Vearncombe,19th Floor,451 776 9868,rvearncombe8o@plala.or.jp,21.12.2023
314,Anastasie Smy,PO Box 14343,945 744 4293,asmy8p@a8.net,16.08.2023
315,Una Sheringham,Suite 53,682 861 4353,usheringham8q@posterous.com,13.03.2023
316,Allys Caren,Room 365,535 548 5095,acaren8r@umich.edu,29.10.2023
317,Arvie Sherland,13th Floor,593 970 6842,asherland8s@berkeley.edu,08.05.2023
318,Giffard Kenshole,Room 1471,567 256 1503,gkenshole8t@xinhuanet.com,23.07.2023
319,Jasen Gerry,Apt 1716,879 207 6008,jgerry8u@g.co,15.04.2023
320,Hunt Ballham,4th Floor,263 248 5540,hballham8v@reference.com,16.05.2023
321,Anastassia Cleaveland,Room 1980,499 335 0073,acleaveland8w@ihg.com,12.10.2023
322,Nomi Riolfo,Apt 874,977 236 3916,nriolfo8x@altervista.org,22.12.2023
323,Redd Normanvill,Room 394,577 404 2297,rnormanvill8y@naver.com,21.09.2023
324,Micheline Hazell,3rd Floor,584 205 8986,mhazell8z@mayoclinic.com,04.01.2024
325,Brita De Anesy,3rd Floor,706 166 0485,bde90@cisco.com,08.02.2023
326,Tiffany Gemnett,10th Floor,493 597 5339,tgemnett91@sina.com.cn,29.10.2023
327,Ellsworth Niaves,Apt 713,636 972 5324,eniaves92@time.com,11.02.2023
328,Austin Quail,Suite 67,182 110 6758,aquail93@hostgator.com,22.09.2023
329,Dino Borham,PO Box 47029,770 191 3231,dborham94@vinaora.com,10.12.2023
330,Phineas Fould,Apt 1157,990 852 2568,pfould95@hhs.gov,18.03.2023
331,Susanetta Mossom,Suite 20,523 905 7511,smossom96@xrea.com,06.06.2023
332,Barnie Barehead,12th Floor,856 500 5997,bbarehead97@bing.com,01.04.2023
333,Zacharie Dullingham,Suite 63,316 205 7107,zdullingham98@google.com.br,12.01.2023
334,Misti Gard,Apt 1327,327 758 0021,mgard99@odnoklassniki.ru,25.08.2023
335,Jade Deacock,PO Box 7097,579 200 8689,jdeacock9a@sourceforge.net,03.05.2023
336,Anastasie Rockhill,14th Floor,466 986 7595,arockhill9b@elegantthemes.com,30.07.2023
337,Major Neller,Suite 97,529 575 3223,mneller9c@github.com,14.07.2023
338,Veronique Petrushka,Room 103,349 797 7869,vpetrushka9d@goo.gl,02.04.2023
339,Philipa Patullo,Suite 15,698 966 1511,ppatullo9e@businesswire.com,01.02.2023
340,Viole Immings,Suite 95,107 297 0474,vimmings9f@cyberchimps.com,25.01.2023
341,Whittaker Rolf,Apt 1649,926 579 0867,wrolf9g@weebly.com,09.02.2023
342,Gunter Chew,Room 890,852 377 3914,gchew9h@accuweather.com,29.03.2023
343,Seana Faraker,Room 1376,278 897 6214,sfaraker9i@mediafire.com,30.03.2023
344,Waylan Dmitrovic,16th Floor,751 128 3171,wdmitrovic9j@reuters.com,24.12.2023
345,Cass Blazeby,Apt 1754,956 275 0959,cblazeby9k@mysql.com,24.06.2023
346,Omar Seger,PO Box 10239,879 498 9287,oseger9l@histats.com,22.11.2023
347,Lem Murkitt,Suite 17,509 840 0675,lmurkitt9m@hostgator.com,13.11.2023
348,Candi Marjot,PO Box 72067,920 724 7268,cmarjot9n@exblog.jp,02.10.2023
349,Ellen Beadel,17th Floor,783 195 2187,ebeadel9o@bizjournals.com,07.09.2023
350,Gerladina Hamper,Suite 16,959 934 4895,ghamper9p@bloomberg.com,07.05.2023
351,Ninetta Millwater,1st Floor,961 960 2444,nmillwater9q@so-net.ne.jp,04.08.2023
352,Jobye Weakley,PO Box 6040,443 810 0624,jweakley9r@census.gov,05.04.2023
353,Prinz Janek,PO Box 1515,179 402 4495,pjanek9s@patch.com,11.03.2023
354,Stavros Ealles,Apt 1023,696 716 3479,sealles9t@mashable.com,19.06.2023
355,Ollie Leacock,12th Floor,729 901 7669,oleacock9u@storify.com,18.04.2023
356,Wes Anders,Room 1501,413 915 7303,wanders9v@microsoft.com,01.11.2023
357,Kevina Simonot,Apt 1222,765 932 5739,ksimonot9w@reuters.com,20.11.2023
358,Adriaens Cultcheth,PO Box 37894,646 891 4394,acultcheth9x@wix.com,09.01.2023
359,Sydney Richley,Room 1924,580 990 7618,srichley9y@macromedia.com,12.01.2023
360,Juan Mycock,Apt 886,103 384 6087,jmycock9z@live.com,15.01.2023
361,Gus Minshaw,PO Box 42049,220 362 0610,gminshawa0@kickstarter.com,08.04.2023
362,Merilyn Faragher,Suite 25,169 960 8238,mfaraghera1@alexa.com,05.01.2024
363,Mirelle Creed,Room 1221,494 716 5798,mcreeda2@sakura.ne.jp,01.04.2023
364,Lida Crowdace,Room 879,256 156 0745,lcrowdacea3@wikimedia.org,18.07.2023
365,Jeff Crawshaw,Suite 75,896 632 1710,jcrawshawa4@histats.com,01.04.2023
366,Guthry Tute,Room 559,743 187 0417,gtutea5@addtoany.com,11.06.2023
367,Harman Lakeland,PO Box 2099,104 760 8500,hlakelanda6@t.co,12.11.2023
368,Bethany Krzyzanowski,Room 462,816 120 2012,bkrzyzanowskia7@comsenz.com,28.06.2023
369,Buck Spileman,Room 594,186 174 3020,bspilemana8@nhs.uk,26.10.2023
370,Killie Mathey,Suite 17,825 313 8547,kmatheya9@skype.com,04.07.2023
371,Bernelle Demann,Room 1341,443 443 2524,bdemannaa@oaic.gov.au,19.07.2023
372,Gan Carnoghan,Apt 526,121 287 5656,gcarnoghanab@wired.com,16.10.2023
373,Ermengarde Edy,Room 351,320 375 0413,eedyac@usgs.gov,05.01.2023
374,Mandy Bruck,PO Box 87790,291 648 2630,mbruckad@howstuffworks.com,22.05.2023
375,Horace Brocklebank,8th Floor,121 200 4768,hbrocklebankae@hubpages.com,06.04.2023
376,Stacy Burcombe,Suite 8,992 418 4637,sburcombeaf@sina.com.cn,13.05.2023
377,Jorge Otson,12th Floor,641 585 0201,jotsonag@dropbox.com,01.05.2023
378,Pamella Castillon,Apt 1605,532 323 4544,pcastillonah@qq.com,04.11.2023
379,Rodrigo O'Kieran,Apt 1718,865 674 1868,rokieranai@newsvine.com,22.07.2023
380,Karola Blees,PO Box 46235,713 355 2725,kbleesaj@purevolume.com,22.06.2023
381,Zackariah Longhirst,Room 1729,909 939 6994,zlonghirstak@clickbank.net,04.11.2023
382,Packston Kivlehan,Room 461,443 187 6711,pkivlehanal@1und1.de,22.11.2023
383,Arthur Bertl,Apt 580,945 682 9848,abertlam@chron.com,15.11.2023
384,Brinna Leathes,18th Floor,807 916 5640,bleathesan@umich.edu,26.05.2023
385,Madeleine Toman,Suite 100,181 448 5772,mtomanao@arizona.edu,04.03.2023
386,Jule Izard,PO Box 33622,175 544 7489,jizardap@sina.com.cn,22.10.2023
387,Beale Legging,PO Box 78146,832 931 9323,bleggingaq@etsy.com,04.07.2023
388,Wainwright Hoodlass,PO Box 86915,316 101 0978,whoodlassar@livejournal.com,07.04.2023
389,Delaney McGillicuddy,Apt 229,812 271 2050,dmcgillicuddyas@parallels.com,29.12.2023
390,Terrance Micah,Room 202,187 210 7952,tmicahat@globo.com,14.07.2023
391,Matthew Callaghan,Room 1021,757 175 1094,mcallaghanau@abc.net.au,30.07.2023
392,Melanie Mackrill,PO Box 10599,390 383 2858,mmackrillav@whitehouse.gov,19.12.2023
393,Korrie Kienle,Apt 1199,317 363 1689,kkienleaw@newyorker.com,17.08.2023
394,Reena Warratt,Suite 34,670 957 7260,rwarrattax@deliciousdays.com,29.11.2023
395,Maryl Richardet,Apt 1503,220 308 4495,mrichardetay@shutterfly.com,04.01.2024
396,Callean Dearman,Suite 62,384 201 2724,cdearmanaz@blogger.com,15.03.2023
397,Mirella Stening,15th Floor,843 496 8540,msteningb0@aol.com,22.01.2023
398,Johna Ingall,Room 940,675 736 7846,jingallb1@addtoany.com,29.10.2023
399,Dallon Dunnico,Room 1658,880 665 9890,ddunnicob2@archive.org,04.05.2023
400,Emmery Hallworth,2nd Floor,777 253 5744,ehallworthb3@spiegel.de,14.05.2023
401,Belinda Counsell,Room 1957,370 951 7722,bcounsellb4@hatena.ne.jp,30.08.2023
402,Edeline Balleine,Apt 1275,168 780 2369,eballeineb5@vk.com,25.06.2023
403,Merrie Beldon,PO Box 58871,524 879 4892,mbeldonb6@gizmodo.com,11.07.2023
404,Seumas Hullock,Apt 535,152 260 6136,shullockb7@usda.gov,02.07.2023
405,Jimmie Izkovitz,PO Box 36271,242 599 0642,jizkovitzb8@cnn.com,20.10.2023
406,Adolphe Swalteridge,Suite 96,602 262 1227,aswalteridgeb9@dmoz.org,29.06.2023
407,Myrna Libbie,1st Floor,602 842 1512,mlibbieba@house.gov,10.02.2023
408,Rose De L'Isle,16th Floor,117 699 5016,rdebb@taobao.com,01.06.2023
409,Tiffani Marchi,PO Box 78034,162 664 3196,tmarchibc@jugem.jp,07.11.2023
410,Baxter Drydale,8th Floor,226 136 4766,bdrydalebd@princeton.edu,01.01.2023
411,Katee cornhill,Suite 82,483 552 7633,kcornhillbe@biblegateway.com,08.12.2023
412,Paolo Medendorp,PO Box 48007,759 862 4908,pmedendorpbf@va.gov,07.04.2023
413,Petronilla Marcam,Apt 1857,267 707 2842,pmarcambg@jimdo.com,17.08.2023
414,Wyatan Prose,Apt 395,213 425 4308,wprosebh@imdb.com,28.09.2023
415,Moreen Wyson,Room 1794,757 486 0066,mwysonbi@bloglines.com,24.01.2023
416,Temple Mickleburgh,Suite 6,370 614 7922,tmickleburghbj@mtv.com,21.10.2023
417,Inglis Husher,Apt 905,266 547 8151,ihusherbk@t-online.de,13.11.2023
418,Erl Elcome,Room 1069,176 497 3588,eelcomebl@miibeian.gov.cn,04.10.2023
419,Jehu Palke,17th Floor,844 404 7341,jpalkebm@state.tx.us,15.11.2023
420,Marin Annett,Suite 53,869 728 7446,mannettbn@vkontakte.ru,28.05.2023
421,Sonnie LAbbet,PO Box 87966,388 992 5100,slabbetbo@livejournal.com,02.05.2023
422,Hurleigh Wharmby,Apt 950,231 362 3646,hwharmbybp@linkedin.com,26.06.2023
423,Randi Quinet,18th Floor,888 224 3691,rquinetbq@techcrunch.com,28.10.2023
424,Hildy Le Estut,Room 1013,638 621 6678,hlebr@typepad.com,03.06.2023
425,Caryl Polle,PO Box 46647,822 455 7878,cpollebs@latimes.com,08.06.2023
426,Poppy Flowitt,Suite 72,555 779 4371,pflowittbt@mozilla.com,15.08.2023
427,Letty Greggersen,PO Box 31721,816 175 9938,lgreggersenbu@tumblr.com,07.10.2023
428,Adelaida Lillegard,Apt 267,381 569 2905,alillegardbv@sun.com,29.09.2023
429,Kasper Loadsman,Apt 1294,804 853 7192,kloadsmanbw@twitter.com,27.01.2023
430,Biron Meriot,14th Floor,849 313 2169,bmeriotbx@geocities.com,22.07.2023
431,Joceline Hammill,Room 423,850 495 9959,jhammillby@purevolume.com,13.12.2023
432,Emilee Attwoull,PO Box 36420,813 488 5340,eattwoullbz@bing.com,24.01.2023
433,Emelen McRuvie,Room 1312,315 590 0721,emcruviec0@wp.com,10.12.2023
434,Janaya Pedro,Suite 48,858 331 4260,jpedroc1@geocities.com,14.03.2023
435,Kev Di Dello,PO Box 64904,421 593 3532,kdic2@netlog.com,21.08.2023
436,Megen Crowter,PO Box 71041,960 506 7706,mcrowterc3@house.gov,09.09.2023
437,Niel Fortin,PO Box 85121,290 941 6256,nfortinc4@irs.gov,15.06.2023
438,Mitchael Jeandet,PO Box 55475,611 547 3797,mjeandetc5@webeden.co.uk,07.01.2023
439,Samara Lygo,Room 107,855 974 6683,slygoc6@homestead.com,31.12.2023
440,Thadeus Choulerton,PO Box 9983,236 273 8834,tchoulertonc7@time.com,17.03.2023
441,Ric Woolard,Room 748,590 475 3930,rwoolardc8@dion.ne.jp,29.05.2023
442,Freddie Mander,PO Box 31175,152 976 0360,fmanderc9@rambler.ru,06.02.2023
443,Licha Mackro,PO Box 22946,221 321 6510,lmackroca@seattletimes.com,27.09.2023
444,Sebastiano Cartin,2nd Floor,256 441 9261,scartincb@businessweek.com,03.12.2023
445,Carroll Curuclis,Room 869,987 296 5548,ccurucliscc@opensource.org,11.08.2023
446,Richmound Monelli,Room 653,291 521 7306,rmonellicd@pbs.org,02.03.2023
447,Josepha Dudson,18th Floor,685 610 8278,jdudsonce@vkontakte.ru,29.03.2023
448,Hortensia Jenkin,PO Box 95715,824 579 8560,hjenkincf@last.fm,06.01.2023
449,Nedda Popping,15th Floor,605 474 7124,npoppingcg@istockphoto.com,21.10.2023
450,Emilie Drane,Room 636,568 500 6479,edranech@simplemachines.org,18.04.2023
451,Harley Grass,Apt 571,993 530 3617,hgrassci@skyrock.com,01.05.2023
452,Birgit Togher,Suite 86,439 282 6421,btoghercj@csmonitor.com,30.01.2023
453,Nicolis Harlin,Room 1378,431 303 7078,nharlinck@biblegateway.com,31.07.2023
454,Farr Turpie,Apt 371,984 685 5970,fturpiecl@typepad.com,21.09.2023
455,Cate Scarffe,Apt 1611,108 895 5860,cscarffecm@github.com,06.09.2023
456,Noelani Marcham,PO Box 5155,563 165 6656,nmarchamcn@baidu.com,09.08.2023
457,Kara Benyan,Room 449,892 985 5884,kbenyanco@virginia.edu,20.12.2023
458,Liesa Baldock,Apt 1581,519 681 4638,lbaldockcp@washington.edu,17.11.2023
459,Joel Blasio,Apt 1200,194 312 8369,jblasiocq@purevolume.com,08.06.2023
460,Sophie Van Haeften,PO Box 49597,547 647 3256,svancr@pinterest.com,21.04.2023
461,Arnie McLarnon,Suite 4,272 260 1214,amclarnoncs@fotki.com,17.08.2023
462,Oneida Bircher,Room 169,937 115 3111,obircherct@ning.com,25.05.2023
463,Tomi Metts,Apt 1705,882 867 7125,tmettscu@phoca.cz,12.02.2023
464,Alanna Heigl,Room 1818,610 428 1339,aheiglcv@house.gov,20.03.2023
465,Evangeline Noke,Room 951,574 390 2884,enokecw@cbc.ca,30.12.2023
466,Jocelyn Dundredge,PO Box 80051,269 428 0956,jdundredgecx@g.co,23.10.2023
467,Warner Halsted,Room 1811,193 800 5423,whalstedcy@icio.us,28.06.2023
468,Leopold Hartland,Apt 205,288 472 3103,lhartlandcz@imgur.com,11.02.2023
469,Randal Bridel,Room 1542,556 936 9696,rbrideld0@pcworld.com,31.07.2023
470,Emalee Keady,Room 1280,896 378 9339,ekeadyd1@google.es,19.04.2023
471,Nevin Dobrowolski,8th Floor,890 667 6175,ndobrowolskid2@umich.edu,19.11.2023
472,Bobby Lewson,17th Floor,991 207 4125,blewsond3@sciencedirect.com,03.05.2023
473,Agata Whyberd,Room 102,259 628 0103,awhyberdd4@csmonitor.com,28.11.2023
474,Kele Klampk,Room 332,823 544 1105,kklampkd5@cdbaby.com,01.01.2023
475,Claudell Vanyushin,Suite 35,231 804 7728,cvanyushind6@dailymail.co.uk,15.06.2023
476,Krystyna Assiratti,Apt 1988,954 218 1615,kassirattid7@hexun.com,18.11.2023
477,Sunny Matuska,9th Floor,840 972 7304,smatuskad8@example.com,14.08.2023
478,Webb Raulston,19th Floor,569 118 8186,wraulstond9@mediafire.com,19.11.2023
479,Alexi Ticksall,6th Floor,557 360 8580,aticksallda@cpanel.net,06.05.2023
480,Adella Scapelhorn,Apt 578,691 944 0024,ascapelhorndb@weibo.com,06.11.2023
481,Angie Antonovic,Suite 30,535 401 5682,aantonovicdc@msu.edu,26.02.2023
482,Pattin Andreassen,PO Box 91362,733 456 7529,pandreassendd@sphinn.com,30.06.2023
483,Faina Brozsset,Room 772,143 624 5524,fbrozssetde@qq.com,01.09.2023
484,Nessie Hush,Apt 260,237 499 5602,nhushdf@google.co.jp,08.09.2023
485,Shurlock Stratton,Apt 697,549 533 5668,sstrattondg@opensource.org,24.11.2023
486,Arluene Moro,Room 818,707 440 6189,amorodh@storify.com,14.07.2023
487,Inness Saenz,17th Floor,808 541 8913,isaenzdi@behance.net,04.02.2023
488,Terese Askem,PO Box 65868,472 984 0848,taskemdj@ustream.tv,16.12.2023
489,Eyde Wildber,Apt 1369,809 508 3529,ewildberdk@cnn.com,24.02.2023
490,Andrej Gifkins,Apt 1328,371 786 5269,agifkinsdl@reference.com,14.10.2023
491,Addy Caps,5th Floor,906 633 9749,acapsdm@twitpic.com,02.01.2024
492,Doy Daines,Apt 1871,866 554 7694,ddainesdn@narod.ru,09.01.2023
493,Ciro Cannan,18th Floor,174 149 6871,ccannando@usa.gov,13.05.2023
494,Lethia Sawl,Suite 28,895 529 8841,lsawldp@npr.org,01.04.2023
495,Arnaldo Chestle,PO Box 56138,102 648 6457,achestledq@pcworld.com,21.12.2023
496,Christye Melburg,PO Box 67340,595 128 5298,cmelburgdr@businesswire.com,30.07.2023
497,Dodie Chadburn,Apt 81,187 309 8890,dchadburnds@narod.ru,01.01.2024
498,Hanni Lawranson,4th Floor,208 870 9582,hlawransondt@g.co,15.12.2023
499,Ambros Whartonby,Suite 26,559 815 0834,awhartonbydu@walmart.com,17.11.2023
500,Rossy Lourenco,Apt 1231,999 738 9187,rlourencodv@techcrunch.com,05.02.2023
501,Port Chue,18th Floor,416 388 3679,pchuedw@yahoo.com,22.03.2023
502,Adriano Tchaikovsky,6th Floor,294 942 1389,atchaikovskydx@wordpress.com,14.05.2023
503,Tana Avraham,2nd Floor,987 703 9891,tavrahamdy@forbes.com,31.08.2023
504,Vernice Dosdale,PO Box 87559,253 315 0973,vdosdaledz@so-net.ne.jp,29.04.2023
505,Cale Wooding,PO Box 95869,138 566 5730,cwoodinge0@unesco.org,02.03.2023
506,Staci Oleksiak,Room 41,194 389 5901,soleksiake1@nsw.gov.au,09.05.2023
507,Othelia Grimsdyke,Apt 612,707 110 5752,ogrimsdykee2@ehow.com,15.07.2023
508,Andriette Mynett,Apt 1679,166 150 8091,amynette3@reference.com,05.10.2023
509,Ciro Willcocks,PO Box 81743,350 340 9368,cwillcockse4@biglobe.ne.jp,02.03.2023
510,Minne Golly,Room 695,835 780 7004,mgollye5@ezinearticles.com,25.04.2023
511,Lil Wishart,2nd Floor,346 427 4906,lwisharte6@csmonitor.com,15.11.2023
512,Neilla Kitchingman,Suite 77,712 434 2911,nkitchingmane7@ovh.net,10.01.2023
513,Lyn Brodeur,Apt 752,598 382 9220,lbrodeure8@bravesites.com,03.04.2023
514,Dario Stenton,Apt 48,115 392 9445,dstentone9@harvard.edu,12.08.2023
515,Troy Orgen,PO Box 12709,129 699 0305,torgenea@google.fr,21.12.2023
516,Justus Gillise,19th Floor,806 685 4844,jgilliseeb@de.vu,04.04.2023
517,Emmit McCullock,Apt 785,683 605 7406,emccullockec@discovery.com,13.02.2023
518,Kissee Baudou,10th Floor,926 384 2033,kbaudoued@diigo.com,26.05.2023
519,Dael Scottini,Apt 1596,123 749 6654,dscottiniee@techcrunch.com,05.01.2024
520,Donnajean Dauney,Apt 725,632 840 5512,ddauneyef@columbia.edu,16.04.2023
521,Raleigh Rainsden,Suite 87,614 391 6183,rrainsdeneg@uol.com.br,14.06.2023
522,Revkah Hatfull,19th Floor,282 676 9333,rhatfulleh@marketwatch.com,13.10.2023
523,Wileen Ralston,1st Floor,300 638 6939,wralstonei@google.es,26.02.2023
524,Ardis Garthland,Suite 1,658 791 0932,agarthlandej@cpanel.net,28.02.2023
525,Poppy Danat,Suite 17,130 358 1309,pdanatek@lycos.com,09.11.2023
526,Chalmers Raddin,Apt 638,725 622 7918,craddinel@bbb.org,21.09.2023
527,Marisa Benam,5th Floor,490 779 1190,mbenamem@xing.com,09.10.2023
528,Maxi Wyllt,Apt 903,917 301 6974,mwyllten@ocn.ne.jp,12.04.2023
529,Lora Abyss,15th Floor,356 273 5354,labysseo@mlb.com,16.10.2023
530,Thorstein Alibone,4th Floor,398 662 9459,taliboneep@spotify.com,20.12.2023
531,Shep Solly,PO Box 82797,850 782 9019,ssollyeq@hubpages.com,10.12.2023
532,Arnie Foxen,Suite 96,235 136 2083,afoxener@forbes.com,30.04.2023
533,Kerwin Naton,Apt 967,801 780 6778,knatones@fema.gov,08.08.2023
534,Marsiella Harriskine,PO Box 4308,721 608 1692,mharriskineet@geocities.com,25.07.2023
535,Jasmina Jaukovic,12th Floor,881 848 8657,jjaukoviceu@google.nl,13.05.2023
536,Shawn Dowse,PO Box 99727,799 299 0944,sdowseev@patch.com,26.09.2023
537,Jonis Cornelius,16th Floor,484 345 9021,jcorneliusew@symantec.com,19.03.2023
538,Sherlocke Truelove,Apt 407,227 580 6636,strueloveex@ucoz.ru,25.10.2023
539,Estella Goney,Apt 554,303 874 1290,egoneyey@angelfire.com,18.05.2023
540,Pepito Andreopolos,Apt 640,416 198 9633,pandreopolosez@hp.com,22.08.2023
541,Guntar McAusland,Room 1848,623 646 6307,gmcauslandf0@last.fm,07.02.2023
542,Alden Roundtree,Apt 1901,910 896 3881,aroundtreef1@vkontakte.ru,13.10.2023
543,Pet Bramble,Room 1232,175 420 0673,pbramblef2@cnet.com,07.07.2023
544,Ryon Trittam,Room 114,947 606 5441,rtrittamf3@telegraph.co.uk,14.08.2023
545,Nana Payler,Apt 1667,146 616 0148,npaylerf4@omniture.com,17.07.2023
546,Judy Blowen,PO Box 6128,574 871 4300,jblowenf5@independent.co.uk,20.06.2023
547,Andrea Kiggel,Apt 462,849 732 0147,akiggelf6@china.com.cn,06.12.2023
548,Ambur Durek,Room 1332,195 758 8685,adurekf7@soup.io,03.12.2023
549,Korney Pregel,Room 1713,267 602 9060,kpregelf8@usnews.com,16.12.2023
550,Sheree Maber,Apt 1174,651 128 7180,smaberf9@elpais.com,31.07.2023
551,Hedda Trebble,13th Floor,254 564 6316,htrebblefa@gravatar.com,03.12.2023
552,Guilbert Frith,Suite 91,151 344 0286,gfrithfb@elegantthemes.com,04.01.2023
553,Beatriz Ahlin,PO Box 77398,669 533 5668,bahlinfc@skyrock.com,06.03.2023
554,Fabiano Freeman,Apt 82,239 819 3592,ffreemanfd@ifeng.com,25.07.2023
555,Constantina Tytherton,Apt 1575,602 901 2009,ctythertonfe@comsenz.com,21.11.2023
556,Cletis Clift,Room 235,387 878 2126,ccliftff@goo.gl,13.02.2023
557,Nathalia Kindley,2nd Floor,120 464 0096,nkindleyfg@drupal.org,31.03.2023
558,Gretchen McGaughey,Apt 1370,385 424 0706,gmcgaugheyfh@elpais.com,19.03.2023
559,Addy Forman,Room 644,804 205 0757,aformanfi@state.gov,11.02.2023
560,Dulcie Jenks,18th Floor,629 793 0799,djenksfj@senate.gov,02.08.2023
561,Stesha Wadelin,PO Box 31043,215 205 3845,swadelinfk@bigcartel.com,03.02.2023
562,Nil Mioni,Room 1372,886 892 8903,nmionifl@engadget.com,28.08.2023
563,Kahlil Matas,PO Box 63692,132 985 8862,kmatasfm@biglobe.ne.jp,05.09.2023
564,Rey Viccary,Suite 86,433 705 5458,rviccaryfn@feedburner.com,20.04.2023
565,Shell Meckiff,Apt 799,790 877 3796,smeckifffo@geocities.com,08.06.2023
566,Bennett Norval,PO Box 3279,742 830 2487,bnorvalfp@google.com.au,30.12.2023
567,Far Diano,16th Floor,517 588 7835,fdianofq@about.me,31.12.2023
568,Derril Allibon,Suite 73,454 642 3585,dallibonfr@boston.com,02.05.2023
569,Jermain Southerill,Room 353,662 377 3302,jsoutherillfs@skyrock.com,17.11.2023
570,Jareb Faltskog,8th Floor,945 664 0070,jfaltskogft@weibo.com,06.11.2023
571,Mellie Rich,PO Box 56765,876 689 6382,mrichfu@unc.edu,14.05.2023
572,Roxane Kivell,15th Floor,647 271 0877,rkivellfv@dmoz.org,30.07.2023
573,Saw Brunon,Apt 1176,892 771 2291,sbrunonfw@4shared.com,20.01.2023
574,Gay Ratnege,9th Floor,247 477 4082,gratnegefx@statcounter.com,04.09.2023
575,Kandy Britcher,10th Floor,710 577 3816,kbritcherfy@nyu.edu,24.07.2023
576,Gian Sproule,Room 1191,839 116 1114,gsproulefz@xinhuanet.com,17.03.2023
577,Zeb Rraundl,PO Box 98524,396 294 2924,zrraundlg0@hostgator.com,06.08.2023
578,Jere Betty,Suite 96,495 460 2081,jbettyg1@mlb.com,07.09.2023
579,Aggi Bonsul,PO Box 41356,672 661 1281,abonsulg2@indiatimes.com,02.06.2023
580,Nelie Poulglais,Suite 56,931 466 4823,npoulglaisg3@pen.io,02.01.2023
581,Fallon Tethcote,Suite 39,805 624 7697,ftethcoteg4@nsw.gov.au,31.03.2023
582,Vivia Ortells,Suite 61,310 414 1527,vortellsg5@netscape.com,02.12.2023
583,Minta Gutteridge,Room 286,853 832 6794,mgutteridgeg6@java.com,20.09.2023
584,Vincenz Mumm,Room 670,849 567 2813,vmummg7@sbwire.com,12.03.2023
585,Cristine Worsfield,14th Floor,645 588 2572,cworsfieldg8@mtv.com,11.06.2023
586,Shandeigh Hymer,Suite 51,622 886 7627,shymerg9@un.org,27.01.2023
587,Cooper Pegrum,9th Floor,282 357 1829,cpegrumga@cbc.ca,20.12.2023
588,Simona Skull,Apt 1933,599 220 7517,sskullgb@youtube.com,24.12.2023
589,Annetta Smy,Apt 1363,245 911 1919,asmygc@booking.com,05.02.2023
590,Tate Rulton,7th Floor,200 163 0473,trultongd@webeden.co.uk,24.05.2023
591,Ezechiel De Andisie,9th Floor,959 409 9187,edege@cbc.ca,22.09.2023
592,Nataniel Gilhouley,Apt 47,833 616 7502,ngilhouleygf@forbes.com,27.07.2023
593,Mayer Vanini,Room 1445,873 926 2165,mvaninigg@si.edu,11.07.2023
594,Randi Musterd,Apt 1725,671 878 3976,rmusterdgh@ted.com,07.02.2023
595,Omero Rowling,Room 1530,181 581 6365,orowlinggi@hugedomains.com,23.10.2023
596,Gideon Valdes,Apt 1272,622 679 9438,gvaldesgj@addthis.com,29.04.2023
597,Bren Haysey,PO Box 90811,598 232 6194,bhayseygk@nhs.uk,03.12.2023
598,Ivor Winslade,Apt 147,322 389 5061,iwinsladegl@constantcontact.com,06.10.2023
599,Esther Latliff,Apt 1053,952 894 8174,elatliffgm@desdev.cn,20.11.2023
600,Arlin Firbanks,Suite 97,735 401 0670,afirbanksgn@ocn.ne.jp,10.01.2023
601,Brigid Tadd,4th Floor,307 525 1703,btaddgo@narod.ru,03.01.2023
602,Aloisia Dimitresco,Apt 1645,137 722 5857,adimitrescogp@nba.com,08.12.2023
603,Caesar Ruddiman,Suite 56,773 667 6409,cruddimangq@accuweather.com,04.02.2023
604,Teddie Vallens,Apt 1047,210 104 2818,tvallensgr@google.co.jp,27.05.2023
605,Raquel Killeley,PO Box 83833,794 934 7763,rkilleleygs@bizjournals.com,04.12.2023
606,Leila Mattedi,Room 447,943 223 2039,lmattedigt@wiley.com,10.05.2023
607,Janela Bonafacino,Suite 69,377 273 2183,jbonafacinogu@ted.com,27.10.2023
608,Chad Whitwell,PO Box 48751,156 146 2838,cwhitwellgv@lulu.com,09.09.2023
609,Sibilla Sandwich,17th Floor,157 129 5251,ssandwichgw@java.com,11.01.2023
610,Kriste Apedaile,Suite 85,171 570 9395,kapedailegx@discuz.net,06.12.2023
611,Bastien Cordier,PO Box 61773,911 140 8994,bcordiergy@deviantart.com,17.04.2023
612,Pia Dennington,PO Box 12902,418 179 8810,pdenningtongz@twitter.com,18.04.2023
613,Berne Swepstone,Suite 57,405 342 2969,bswepstoneh0@bbb.org,24.04.2023
614,Lori Tadd,Apt 1543,459 594 0260,ltaddh1@irs.gov,17.12.2023
615,Leonie Gostyke,Room 1028,671 983 7165,lgostykeh2@infoseek.co.jp,06.11.2023
616,Frayda Croisdall,PO Box 58654,796 656 6603,fcroisdallh3@uol.com.br,13.01.2023
617,Fred Poinsett,Apt 1484,388 143 9111,fpoinsetth4@harvard.edu,04.09.2023
618,Domingo Brockley,PO Box 68686,842 890 1208,dbrockleyh5@howstuffworks.com,05.12.2023
619,Renata Malzard,17th Floor,928 805 6385,rmalzardh6@tumblr.com,05.02.2023
620,Susanna Rounsivall,Apt 436,272 484 3215,srounsivallh7@pcworld.com,09.10.2023
621,Oswell Ackenson,Apt 181,456 860 0775,oackensonh8@cafepress.com,29.11.2023
622,Layne Dat,Room 1566,285 808 7604,ldath9@globo.com,01.06.2023
623,Teddie Allsop,Suite 39,521 483 4560,tallsopha@wiley.com,12.07.2023
624,Chantal Barracks,Apt 609,938 450 3934,cbarrackshb@taobao.com,20.10.2023
625,Torey Ventom,Room 909,792 845 4320,tventomhc@liveinternet.ru,26.12.2023
626,Laverna Massingham,PO Box 3169,704 364 4576,lmassinghamhd@icq.com,14.11.2023
627,Kimbell Tante,Apt 1285,657 459 0170,ktantehe@over-blog.com,26.05.2023
628,Thorny Patterson,13th Floor,330 173 4199,tpattersonhf@tiny.cc,05.02.2023
629,Kayla Pullen,Apt 1457,674 720 1895,kpullenhg@bbc.co.uk,09.05.2023
630,Miles McGibbon,PO Box 59687,668 644 9594,mmcgibbonhh@illinois.edu,07.12.2023
631,Marlin Mooring,Suite 82,817 654 7769,mmooringhi@eepurl.com,04.09.2023
632,Emanuel Grinnell,Room 1740,854 688 3466,egrinnellhj@hud.gov,23.11.2023
633,Sianna Starsmore,Room 1357,632 225 4500,sstarsmorehk@ucsd.edu,15.12.2023
634,Odille Kingshott,Apt 1697,272 681 3987,okingshotthl@nsw.gov.au,29.07.2023
635,Rawley Comiam,Apt 34,729 628 0087,rcomiamhm@ycombinator.com,08.11.2023
636,Olivier Tather,Suite 95,394 322 2950,otatherhn@pinterest.com,16.09.2023
637,Dunstan Vivians,18th Floor,538 241 8348,dviviansho@tamu.edu,21.12.2023
638,Constantine Gercken,16th Floor,861 882 7100,cgerckenhp@geocities.jp,11.01.2023
639,Ramonda Cotterrill,Room 1385,976 811 4306,rcotterrillhq@sfgate.com,25.11.2023
640,Major Coppenhall,Suite 5,316 171 9800,mcoppenhallhr@people.com.cn,16.09.2023
641,Tedi Firk,Suite 92,423 410 8041,tfirkhs@umn.edu,15.02.2023
642,Aviva Cotsford,8th Floor,840 168 2553,acotsfordht@reddit.com,18.03.2023
643,Orelie Tardiff,PO Box 28857,438 974 5843,otardiffhu@vimeo.com,26.12.2023
644,Meir Schwieso,15th Floor,706 740 2422,mschwiesohv@deviantart.com,02.01.2023
645,Charla Ingre,Apt 1890,316 354 1661,cingrehw@unicef.org,02.04.2023
646,Wren Goodie,Room 1628,815 762 1577,wgoodiehx@ezinearticles.com,15.06.2023
647,Corty Challenor,7th Floor,351 514 8590,cchallenorhy@foxnews.com,15.03.2023
648,Cash Fitchew,Suite 37,369 549 1279,cfitchewhz@mac.com,17.08.2023
649,Edgard Heinemann,Apt 1450,653 274 8104,eheinemanni0@admin.ch,23.04.2023
650,Kaylil Bugdell,Room 247,833 543 5218,kbugdelli1@soundcloud.com,24.02.2023
651,Ebonee Lacroutz,Apt 336,805 306 2708,elacroutzi2@usatoday.com,04.11.2023
652,Pamelina Askem,PO Box 15287,612 173 2170,paskemi3@mozilla.com,23.01.2023
653,Dotty Baudesson,Room 323,885 668 2982,dbaudessoni4@linkedin.com,31.07.2023
654,Efren Escoffrey,2nd Floor,780 764 8372,eescoffreyi5@blog.com,30.06.2023
655,Tamara Masdin,PO Box 15812,207 785 6316,tmasdini6@mapy.cz,14.08.2023
656,Jaynell Vanderplas,Room 1192,213 487 1359,jvanderplasi7@networkadvertising.org,02.10.2023
657,Lianne Hartas,PO Box 4287,664 228 6988,lhartasi8@fda.gov,18.02.2023
658,Ricoriki Friett,Room 361,659 707 5337,rfrietti9@xinhuanet.com,17.12.2023
659,Dallon Petri,Suite 16,117 978 9984,dpetriia@barnesandnoble.com,02.06.2023
660,Jules Cogman,PO Box 35365,407 629 9186,jcogmanib@newsvine.com,19.03.2023
661,Hallie Sharrem,Room 1624,278 430 3976,hsharremic@virginia.edu,17.04.2023
662,Alon Woolstenholmes,Suite 1,922 143 5567,awoolstenholmesid@google.de,13.09.2023
663,Ileane Beri,Room 384,573 433 2103,iberiie@google.fr,02.01.2024
664,Bernadina Degan,Apt 1731,386 208 2072,bdeganif@github.io,19.12.2023
665,Sammy Rey,Suite 6,718 170 0954,sreyig@tripadvisor.com,20.10.2023
666,Mair Leyburn,Room 222,624 137 8307,mleyburnih@wiley.com,25.05.2023
667,Carlye Turfes,Suite 22,950 503 7961,cturfesii@bravesites.com,01.08.2023
668,Jud Slater,Apt 1175,805 462 8384,jslaterij@apache.org,26.09.2023
669,Cecilius Goricke,Apt 1198,585 170 8630,cgorickeik@chron.com,12.10.2023
670,Jefferson Luckcuck,Suite 53,664 652 0789,jluckcuckil@flickr.com,17.07.2023
671,Blinni Frankel,15th Floor,199 822 4796,bfrankelim@sina.com.cn,18.12.2023
672,Enid Boyton,Apt 1852,197 585 2390,eboytonin@paginegialle.it,24.09.2023
673,Brendin Badrick,Room 223,282 967 0731,bbadrickio@tripadvisor.com,20.01.2023
674,Kimberlyn Denidge,Suite 95,467 279 3098,kdenidgeip@walmart.com,09.12.2023
675,Nicolette Iannelli,Apt 1818,952 734 3949,niannelliiq@google.com,17.08.2023
676,Roselin Frounks,Suite 80,667 754 0134,rfrounksir@google.nl,20.12.2023
677,Nate Elgie,PO Box 56209,923 894 7399,nelgieis@google.cn,14.05.2023
678,Violetta Chislett,Room 567,486 463 0821,vchislettit@prweb.com,16.11.2023
679,Gaspard Tilley,Apt 384,263 684 9160,gtilleyiu@opensource.org,15.12.2023
680,Anna-maria Ghelarducci,PO Box 66426,102 808 6010,aghelarducciiv@msn.com,03.10.2023
681,Willie Povah,Room 1838,883 591 6612,wpovahiw@nbcnews.com,03.04.2023
682,Katy Vodden,Apt 1516,994 196 1813,kvoddenix@home.pl,05.01.2023
683,Stella Clewlowe,Room 1788,263 640 7215,sclewloweiy@fc2.com,06.02.2023
684,Gilberte Eudall,17th Floor,452 369 5930,geudalliz@cyberchimps.com,11.08.2023
685,Jayson Carless,9th Floor,328 701 6265,jcarlessj0@g.co,09.07.2023
686,Virgie Morkham,PO Box 31873,106 399 6844,vmorkhamj1@google.nl,17.12.2023
687,Jethro Apark,Apt 1095,121 895 3391,japarkj2@vk.com,02.07.2023
688,Lanie Grenshiels,8th Floor,930 179 2120,lgrenshielsj3@instagram.com,28.10.2023
689,Kerstin Wurst,Suite 73,929 107 1288,kwurstj4@about.com,19.05.2023
690,Ricky Sarle,Room 124,571 918 7646,rsarlej5@themeforest.net,20.10.2023
691,Hayward Atkyns,Suite 4,223 980 1357,hatkynsj6@google.it,02.03.2023
692,Myrta Caghan,Suite 7,281 862 3438,mcaghanj7@fc2.com,05.08.2023
693,Celisse Khomin,Apt 1856,830 976 5702,ckhominj8@barnesandnoble.com,06.12.2023
694,Harvey Oakman,Room 1823,261 480 7013,hoakmanj9@trellian.com,24.03.2023
695,Cassondra Moncaster,PO Box 12951,928 866 5503,cmoncasterja@marriott.com,23.03.2023
696,Adrienne O'Fallon,Suite 12,183 170 5029,aofallonjb@globo.com,18.07.2023
697,Indira Pitkethly,Room 1195,154 283 1166,ipitkethlyjc@uiuc.edu,16.07.2023
698,Emera Gorring,PO Box 74485,832 946 3336,egorringjd@tumblr.com,23.11.2023
699,Orv Dykins,PO Box 31387,609 816 5703,odykinsje@digg.com,18.04.2023
700,Lefty Dohrmann,PO Box 58414,818 652 1269,ldohrmannjf@vk.com,25.09.2023
701,Stephannie Holdey,7th Floor,915 613 9156,sholdeyjg@latimes.com,04.09.2023
702,Abbey Baccus,Apt 969,877 489 1844,abaccusjh@guardian.co.uk,04.09.2023
703,Sharl McTear,Room 1713,766 403 8647,smctearji@gravatar.com,30.01.2023
704,Ashleigh Ghion,Room 819,857 724 5325,aghionjj@msu.edu,25.10.2023
705,Cordelia Mealham,Suite 79,573 182 7609,cmealhamjk@mayoclinic.com,25.07.2023
706,Milicent Arlett,PO Box 55853,790 246 5311,marlettjl@tumblr.com,19.09.2023
707,Gerry Levin,PO Box 29125,825 374 9706,glevinjm@time.com,10.08.2023
708,Nels Hovey,Suite 42,953 340 6864,nhoveyjn@telegraph.co.uk,09.06.2023
709,Shermie Troker,Suite 11,250 245 9101,strokerjo@feedburner.com,03.09.2023
710,Obediah Gladyer,PO Box 7007,569 999 1525,ogladyerjp@ucla.edu,16.10.2023
711,Keeley Treadger,PO Box 95906,311 528 6856,ktreadgerjq@blogger.com,12.10.2023
712,Shoshana McCole,Room 5,615 319 7238,smccolejr@google.co.uk,28.11.2023
713,Sibilla Dybell,Room 1250,316 879 0389,sdybelljs@cbsnews.com,11.08.2023
714,Selena Langelaan,Suite 39,941 191 6335,slangelaanjt@de.vu,01.08.2023
715,Binni Semour,PO Box 58996,225 818 5009,bsemourju@imgur.com,05.09.2023
716,Cristina Erricker,PO Box 33995,842 143 8622,cerrickerjv@jiathis.com,19.08.2023
717,Dory Madner,3rd Floor,436 485 8703,dmadnerjw@123-reg.co.uk,03.05.2023
718,Gav Rauprich,15th Floor,999 160 1738,grauprichjx@wunderground.com,30.07.2023
719,Dolly Douse,Apt 1725,113 785 3155,ddousejy@cmu.edu,16.11.2023
720,Domingo Gritsaev,Room 1698,711 236 1673,dgritsaevjz@virginia.edu,20.06.2023
721,Jennette Gronaller,Apt 915,223 557 4258,jgronallerk0@nih.gov,20.01.2023
722,Sydney Tschierse,9th Floor,854 918 2399,stschiersek1@tmall.com,18.01.2023
723,Gareth O'Shirine,PO Box 70156,123 252 6268,goshirinek2@woothemes.com,24.09.2023
724,Kalie Van der Kruijs,Suite 62,753 956 0631,kvank3@fotki.com,01.05.2023
725,Maurine Bessom,PO Box 78064,879 897 0950,mbessomk4@scientificamerican.com,12.12.2023
726,Grange Shalloe,Suite 7,799 646 3125,gshalloek5@gov.uk,05.01.2023
727,Hermine Jeffcoat,Room 1186,400 123 6967,hjeffcoatk6@va.gov,23.04.2023
728,Brittni Aleavy,Suite 53,126 848 1136,baleavyk7@is.gd,04.12.2023
729,Dominik Valentino,PO Box 92756,584 331 5177,dvalentinok8@scientificamerican.com,05.09.2023
730,Holden Geke,PO Box 37735,191 996 3869,hgekek9@weather.com,05.03.2023
731,Hillary Eberz,10th Floor,499 650 3500,heberzka@yolasite.com,13.10.2023
732,Rod Silber,13th Floor,102 388 0135,rsilberkb@jugem.jp,30.11.2023
733,Dinny Dalgardno,Suite 33,982 787 8599,ddalgardnokc@amazon.de,15.06.2023
734,Dreddy Gogie,Room 1387,260 837 8284,dgogiekd@blogs.com,20.01.2023
735,Eben Levins,4th Floor,834 434 2884,elevinske@discovery.com,12.12.2023
736,Gino Fawcus,Room 404,472 855 5884,gfawcuskf@hexun.com,15.03.2023
737,Deena Webley,Room 66,106 782 1272,dwebleykg@toplist.cz,07.07.2023
738,Darice Marjot,Suite 88,345 123 2441,dmarjotkh@state.gov,19.08.2023
739,Gage Thrasher,4th Floor,312 134 5969,gthrasherki@prnewswire.com,31.01.2023
740,Porter Zellick,Apt 1730,441 550 4681,pzellickkj@google.de,06.04.2023
741,Kendell Preuvost,PO Box 58522,404 369 4974,kpreuvostkk@skyrock.com,01.11.2023
742,Emmalynn Eglin,PO Box 96754,880 322 5140,eeglinkl@businesswire.com,28.12.2023
743,Ferd Sandercock,18th Floor,773 795 3553,fsandercockkm@godaddy.com,02.10.2023
744,Dani Shirlaw,7th Floor,547 571 9067,dshirlawkn@php.net,04.08.2023
745,Lannie Heber,Suite 38,823 361 6788,lheberko@nydailynews.com,25.09.2023
746,Christean Jenner,Apt 332,640 526 8668,cjennerkp@spiegel.de,08.11.2023
747,Rosa Fransemai,PO Box 63469,357 708 1218,rfransemaikq@edublogs.org,13.03.2023
748,Elly Wellesley,PO Box 6926,850 303 1874,ewellesleykr@diigo.com,08.10.2023
749,Diandra Gouldeby,6th Floor,658 384 5967,dgouldebyks@auda.org.au,21.09.2023
750,Zita Goodliff,Room 210,232 519 0029,zgoodliffkt@twitpic.com,22.02.2023
751,Ara Jarnell,Room 72,840 644 2341,ajarnellku@soundcloud.com,24.08.2023
752,Deeanne Dockrell,Suite 68,995 422 7196,ddockrellkv@goodreads.com,26.04.2023
753,Tarah Birds,Suite 61,668 812 7041,tbirdskw@booking.com,26.02.2023
754,Nani Gervaise,Suite 100,192 770 6753,ngervaisekx@cyberchimps.com,24.05.2023
755,Kelcy Colleck,PO Box 59213,102 673 8666,kcolleckky@usatoday.com,10.05.2023
756,Reuven Poter,13th Floor,539 455 7935,rpoterkz@flavors.me,03.10.2023
757,Gilda Rappport,Room 1487,468 200 7005,grappportl0@w3.org,14.08.2023
758,Yorker Mullins,Room 1002,179 924 6220,ymullinsl1@nhs.uk,06.05.2023
759,Luz Smurthwaite,Room 1841,127 669 5557,lsmurthwaitel2@cnet.com,21.07.2023
760,Derwin Beresfore,11th Floor,831 955 6951,dberesforel3@discovery.com,16.05.2023
761,Rahal Hatchman,PO Box 74046,173 105 8734,rhatchmanl4@vistaprint.com,06.08.2023
762,Stanwood Indgs,Apt 405,919 701 7076,sindgsl5@nhs.uk,25.11.2023
763,Fayina Stucksbury,Suite 88,840 650 4140,fstucksburyl6@slideshare.net,15.04.2023
764,Eyde Rowen,Apt 202,590 186 4426,erowenl7@rakuten.co.jp,23.01.2023
765,Charmane Rosenstein,13th Floor,244 744 6321,crosensteinl8@hc360.com,03.08.2023
766,Barbey O'Hara,Suite 31,341 923 8923,boharal9@deliciousdays.com,18.08.2023
767,Crissie Huish,Room 1921,809 316 0848,chuishla@jalbum.net,10.11.2023
768,Annalee Newlands,10th Floor,264 147 3494,anewlandslb@blogspot.com,05.02.2023
769,Wallis Granham,PO Box 1908,649 882 8773,wgranhamlc@businessweek.com,18.10.2023
770,Ole Batchan,Suite 75,125 538 6621,obatchanld@plala.or.jp,11.07.2023
771,Cosetta Warlton,PO Box 91337,261 698 0426,cwarltonle@furl.net,15.02.2023
772,Blondell McConnell,3rd Floor,268 899 4581,bmcconnelllf@paginegialle.it,28.11.2023
773,Kristan Whal,Suite 3,968 558 7076,kwhallg@wunderground.com,07.01.2023
774,Jerrome Hagstone,Suite 9,383 582 2839,jhagstonelh@bloglines.com,28.02.2023
775,Urbanus Derye-Barrett,PO Box 2939,518 161 7887,uderyebarrettli@php.net,24.11.2023
776,Randy Louthe,Apt 564,548 832 5335,rlouthelj@digg.com,11.11.2023
777,Augustine Francisco,Suite 47,952 206 6801,afranciscolk@plala.or.jp,24.12.2023
778,Leroi Drinkel,14th Floor,330 832 0563,ldrinkelll@indiegogo.com,20.01.2023
779,Camilla Breukelman,8th Floor,313 439 8717,cbreukelmanlm@usnews.com,07.02.2023
780,Galvan Siward,Room 854,524 255 5906,gsiwardln@dot.gov,05.05.2023
781,Oran Dawney,Suite 4,425 498 5754,odawneylo@amazon.co.uk,25.02.2023
782,Mozelle Bickle,PO Box 42482,805 304 6931,mbicklelp@elpais.com,11.11.2023
783,Whitman Caen,Apt 130,845 768 5380,wcaenlq@youtube.com,23.12.2023
784,Mychal Isted,Room 1555,828 282 8136,mistedlr@senate.gov,29.12.2023
785,Hugo Goldingay,PO Box 63229,694 683 6296,hgoldingayls@blogtalkradio.com,05.01.2023
786,Sibelle I'anson,Room 1096,265 116 6709,siansonlt@quantcast.com,23.07.2023
787,Asher Petran,16th Floor,416 305 6063,apetranlu@blogspot.com,28.06.2023
788,Selie Cranmere,14th Floor,433 156 8388,scranmerelv@washington.edu,21.10.2023
789,Charin Cullinan,Room 5,878 751 9148,ccullinanlw@wikimedia.org,26.06.2023
790,Husein Heady,Room 67,117 766 7967,hheadylx@e-recht24.de,30.09.2023
791,Lou Dawson,Suite 16,879 240 7641,ldawsonly@dailymail.co.uk,11.10.2023
792,Laurie Dechelle,PO Box 79836,940 410 8301,ldechellelz@clickbank.net,27.04.2023
793,Kathlin Fagan,9th Floor,926 147 4132,kfaganm0@hexun.com,13.06.2023
794,Keriann Wannell,Suite 75,619 481 8907,kwannellm1@freewebs.com,17.02.2023
795,Jed Elion,Room 829,886 770 8086,jelionm2@sohu.com,14.07.2023
796,Monty Triggle,4th Floor,327 764 7975,mtrigglem3@youku.com,09.10.2023
797,Hercules Brosh,Suite 18,550 409 0572,hbroshm4@storify.com,17.02.2023
798,Andree Sebyer,Apt 824,669 377 2246,asebyerm5@pcworld.com,22.07.2023
799,Anna-diana Grabb,PO Box 21255,194 830 0527,agrabbm6@cocolog-nifty.com,08.08.2023
800,Jeth Jirieck,Room 743,884 897 7626,jjirieckm7@reverbnation.com,03.09.2023
801,Ettore Hazelhurst,PO Box 23478,545 944 3358,ehazelhurstm8@blogtalkradio.com,03.09.2023
802,Lauree Isaac,19th Floor,158 732 3694,lisaacm9@mapquest.com,11.01.2023
803,Yevette Rainsden,PO Box 82488,823 354 4306,yrainsdenma@intel.com,26.09.2023
804,Maurise Ianno,3rd Floor,385 868 8260,miannomb@ed.gov,18.01.2023
805,Arlana Deinhard,PO Box 64893,673 509 2696,adeinhardmc@moonfruit.com,06.01.2023
806,Dena Novello,Room 1862,436 409 5585,dnovellomd@wordpress.org,16.03.2023
807,Stacia Seabert,Apt 171,736 856 2994,sseabertme@amazon.com,13.07.2023
808,Isaiah Tarbox,16th Floor,151 183 6717,itarboxmf@ehow.com,03.02.2023
809,Loretta Rolse,4th Floor,246 760 3856,lrolsemg@guardian.co.uk,03.11.2023
810,Devlen Batchellor,Apt 161,389 183 7315,dbatchellormh@theatlantic.com,09.06.2023
811,Mufinella Dawidowicz,Apt 710,265 124 6755,mdawidowiczmi@google.it,10.07.2023
812,Dana Freschini,13th Floor,275 200 5319,dfreschinimj@t-online.de,13.11.2023
813,Ezri Drewson,Room 660,955 826 8632,edrewsonmk@aol.com,01.06.2023
814,Rebekkah Gotliffe,Suite 56,537 349 8068,rgotliffeml@senate.gov,09.03.2023
815,Ansell Draysey,Room 1909,307 445 3550,adrayseymm@umich.edu,16.10.2023
816,Leontyne Kobierra,PO Box 70862,211 327 6056,lkobierramn@list-manage.com,24.06.2023
817,Dominga Huegett,Apt 1635,900 102 9117,dhuegettmo@jiathis.com,05.03.2023
818,Sherm Sankey,11th Floor,210 795 9541,ssankeymp@scribd.com,28.11.2023
819,Sigvard Ebrall,Suite 30,112 733 2143,sebrallmq@skype.com,12.10.2023
820,Carlina Wyeth,Room 996,216 231 2365,cwyethmr@salon.com,12.11.2023
821,Rainer Sings,Suite 66,409 493 1484,rsingsms@google.fr,21.09.2023
822,Viviyan Budleigh,Suite 24,831 442 9231,vbudleighmt@g.co,04.10.2023
823,Dulci Slessor,PO Box 2935,928 854 4879,dslessormu@howstuffworks.com,18.07.2023
824,Reuben Holdren,Suite 94,569 631 3634,rholdrenmv@plala.or.jp,24.03.2023
825,Winnie Kearns,Room 1913,597 828 3652,wkearnsmw@wiley.com,21.09.2023
826,Rasla Karpinski,Suite 8,811 665 3172,rkarpinskimx@blinklist.com,29.03.2023
827,Nert Batting,8th Floor,532 634 7285,nbattingmy@addtoany.com,29.08.2023
828,Carena Gregolin,PO Box 20877,456 925 8633,cgregolinmz@123-reg.co.uk,20.07.2023
829,Dion Widdicombe,PO Box 32336,243 778 0681,dwiddicomben0@newyorker.com,28.06.2023
830,Durward Bucky,Room 182,281 817 2468,dbuckyn1@etsy.com,20.08.2023
831,Maison Todarello,Room 767,816 689 5248,mtodarellon2@prnewswire.com,14.02.2023
832,Farra Brookbank,Suite 29,187 802 4872,fbrookbankn3@cloudflare.com,18.02.2023
833,Adelice Skate,Apt 1560,409 184 4354,askaten4@wufoo.com,20.05.2023
834,Jolene Gurr,1st Floor,835 505 4876,jgurrn5@yellowbook.com,28.10.2023
835,Townsend Pyett,Room 909,931 408 1851,tpyettn6@eepurl.com,29.10.2023
836,Redford Culverhouse,Room 1333,623 333 4770,rculverhousen7@unc.edu,10.10.2023
837,Sydney Eastmond,18th Floor,447 670 1865,seastmondn8@bbb.org,28.09.2023
838,Kermy Dalrymple,PO Box 67334,522 342 3410,kdalrymplen9@sitemeter.com,04.08.2023
839,Joscelin Llewellen,Apt 23,794 813 7723,jllewellenna@sbwire.com,10.08.2023
840,Sela Teanby,10th Floor,430 825 5460,steanbynb@hud.gov,28.04.2023
841,Moira Spacey,PO Box 72307,115 755 8485,mspaceync@hibu.com,05.06.2023
842,Anna-diana Sharrem,Suite 72,977 263 2712,asharremnd@sbwire.com,05.06.2023
843,Trumaine Skinn,Room 1073,268 635 1996,tskinnne@umich.edu,22.10.2023
844,Dana Liquorish,PO Box 841,335 162 0802,dliquorishnf@theatlantic.com,06.04.2023
845,Timotheus Hallsworth,PO Box 53681,134 722 4384,thallsworthng@1und1.de,04.12.2023
846,Trenna Thaller,7th Floor,658 183 5508,tthallernh@tmall.com,09.05.2023
847,Rania Belz,Apt 853,806 969 5295,rbelzni@skype.com,23.06.2023
848,Doe Gosselin,15th Floor,230 711 1524,dgosselinnj@xrea.com,19.02.2023
849,Yetty Grunguer,Apt 1295,545 665 0265,ygrunguernk@ebay.com,20.12.2023
850,Shaylynn Cadman,Apt 1331,895 816 7732,scadmannl@reddit.com,25.11.2023
851,Amandy Gove,Apt 1212,188 454 2728,agovenm@netscape.com,31.10.2023
852,Tova Kmicicki,Suite 84,576 189 7965,tkmicickinn@issuu.com,15.11.2023
853,Ginger Giraldo,PO Box 99241,582 109 8868,ggiraldono@google.es,13.04.2023
854,Natal Pickaver,1st Floor,214 186 8862,npickavernp@gov.uk,03.01.2024
855,Dredi Corteis,4th Floor,225 381 8957,dcorteisnq@fastcompany.com,02.06.2023
856,Mab Glaum,Suite 81,571 771 5789,mglaumnr@unblog.fr,20.11.2023
857,Bren Oventon,Apt 16,426 931 2898,boventonns@deviantart.com,08.08.2023
858,Caryl Ansty,PO Box 541,239 317 1674,canstynt@blog.com,28.07.2023
859,Caresa Worswick,PO Box 42196,455 373 6203,cworswicknu@cyberchimps.com,18.06.2023
860,Danila Rainbird,Suite 4,254 887 5610,drainbirdnv@meetup.com,01.05.2023
861,Hughie Stanyforth,Apt 685,204 669 9538,hstanyforthnw@msu.edu,15.08.2023
862,Estele Duro,Room 257,387 265 2761,eduronx@dmoz.org,11.04.2023
863,Brose Galloway,PO Box 9433,852 205 6091,bgallowayny@ow.ly,25.06.2023
864,Pattin Duferie,Suite 12,700 804 2647,pduferienz@dell.com,02.01.2024
865,Lee Ewins,Suite 13,414 109 6161,lewinso0@stanford.edu,04.03.2023
866,Wileen Goreway,18th Floor,717 454 5193,wgorewayo1@nhs.uk,13.09.2023
867,Amalee Lethieulier,Room 1176,501 280 7194,alethieuliero2@google.co.jp,17.06.2023
868,Katerine Timmes,PO Box 55363,658 292 3367,ktimmeso3@bloomberg.com,12.07.2023
869,Meriel Dugald,Room 1479,127 967 0884,mdugaldo4@ucoz.ru,22.02.2023
870,Lewie Lyles,Suite 19,409 931 2686,llyleso5@unc.edu,30.06.2023
871,Bel Dowey,11th Floor,194 998 9045,bdoweyo6@intel.com,09.02.2023
872,Onida Bruni,Suite 27,617 936 3707,obrunio7@weather.com,02.10.2023
873,Ciro Bruyett,15th Floor,745 832 4893,cbruyetto8@nifty.com,10.09.2023
874,Park Embleton,Apt 1462,625 647 9997,pembletono9@miibeian.gov.cn,14.09.2023
875,Miles Powder,6th Floor,391 207 9981,mpowderoa@csmonitor.com,25.10.2023
876,Jasmina Jost,20th Floor,842 475 5797,jjostob@skyrock.com,09.05.2023
877,Rouvin Dragonette,PO Box 75492,524 161 2623,rdragonetteoc@fc2.com,10.02.2023
878,Pavel Fasey,Room 12,651 300 7648,pfaseyod@state.gov,04.10.2023
879,Clemmie Formilli,Room 607,526 591 0143,cformillioe@example.com,03.09.2023
880,Lesley Sidgwick,Room 581,877 354 6138,lsidgwickof@prweb.com,01.01.2024
881,Kev Ellsbury,Apt 1539,586 389 6003,kellsburyog@prlog.org,04.05.2023
882,Philipa Merle,Apt 1333,392 170 9571,pmerleoh@yolasite.com,19.02.2023
883,Walton Showalter,Suite 1,231 854 2089,wshowalteroi@state.tx.us,01.09.2023
884,Gregory Huban,Suite 74,722 672 1029,ghubanoj@tinypic.com,01.11.2023
885,Kalina Carreyette,Apt 38,929 569 2376,kcarreyetteok@bluehost.com,17.05.2023
886,Winfield Erik,20th Floor,922 189 6673,werikol@freewebs.com,09.05.2023
887,Gino Stain,11th Floor,740 416 7512,gstainom@wordpress.com,15.12.2023
888,Cordelie Sans,PO Box 94079,579 813 0008,csanson@thetimes.co.uk,09.03.2023
889,Lloyd Lafford,Apt 1793,132 422 8405,llaffordoo@ox.ac.uk,17.10.2023
890,Darbee Trippack,14th Floor,999 157 5466,dtrippackop@google.it,13.01.2023
891,Bev Skells,Suite 40,192 696 5516,bskellsoq@virginia.edu,18.03.2023
892,Wildon Bruinemann,Apt 1938,841 148 4695,wbruinemannor@tinyurl.com,20.05.2023
893,Lindsy Rudd,8th Floor,204 537 5207,lruddos@51.la,05.11.2023
894,Madeleine Bagnal,Suite 45,902 351 2610,mbagnalot@fc2.com,17.01.2023
895,Keven Yurkov,PO Box 1968,901 906 9749,kyurkovou@xing.com,12.11.2023
896,Kelley Marvel,PO Box 92479,307 936 1264,kmarvelov@ucla.edu,24.11.2023
897,Thadeus Leroy,Suite 98,866 937 0845,tleroyow@tumblr.com,15.06.2023
898,Jolene Powton,3rd Floor,661 301 2783,jpowtonox@nhs.uk,20.10.2023
899,Dori Dennett,Apt 1860,234 774 6932,ddennettoy@slashdot.org,05.01.2023
900,Mel Mingardo,PO Box 713,222 601 7968,mmingardooz@jalbum.net,21.11.2023
901,Zacharias Stapleford,3rd Floor,374 238 1241,zstaplefordp0@jiathis.com,29.08.2023
902,Kermy Prescote,PO Box 15528,710 745 3495,kprescotep1@wisc.edu,17.11.2023
903,Monty Mashro,12th Floor,584 464 5676,mmashrop2@fastcompany.com,16.01.2023
904,Berkley Myall,Apt 621,612 317 9609,bmyallp3@walmart.com,05.04.2023
905,Shannen Grent,8th Floor,333 614 5513,sgrentp4@list-manage.com,18.08.2023
906,Gerta Henrionot,Apt 911,427 391 6703,ghenrionotp5@apache.org,22.06.2023
907,Rodge Wims,PO Box 94396,396 913 1368,rwimsp6@bravesites.com,26.11.2023
908,Tabatha Scading,PO Box 18557,613 327 9104,tscadingp7@hugedomains.com,21.05.2023
909,Bartie Bone,16th Floor,317 502 4074,bbonep8@hubpages.com,08.04.2023
910,Andrej Tchir,2nd Floor,626 709 3666,atchirp9@chron.com,19.03.2023
911,Micheline Ralton,Apt 805,485 610 9941,mraltonpa@ovh.net,23.04.2023
912,Bernardo Hutchens,18th Floor,559 104 5449,bhutchenspb@ocn.ne.jp,17.08.2023
913,Noelani Windridge,Room 1819,266 968 0397,nwindridgepc@histats.com,01.11.2023
914,Charyl O'Cassidy,Room 1170,964 321 9094,cocassidypd@ameblo.jp,15.07.2023
915,Letti Butt Gow,Suite 17,580 887 9864,lbuttpe@ucoz.ru,09.05.2023
916,Michelle Temby,Apt 787,248 395 3868,mtembypf@dell.com,13.08.2023
917,Quill Tassel,Room 300,650 549 8973,qtasselpg@bizjournals.com,11.08.2023
918,Cal Creany,PO Box 22717,177 644 6924,ccreanyph@google.cn,14.11.2023
919,Ad Lohden,PO Box 71603,507 900 6283,alohdenpi@1688.com,16.05.2023
920,Essa Elmer,PO Box 84145,897 348 4710,eelmerpj@flickr.com,10.06.2023
921,Elyssa Titcombe,Apt 707,348 485 8658,etitcombepk@yelp.com,02.01.2023
922,Dehlia Klas,PO Box 84092,715 156 5986,dklaspl@amazon.co.uk,02.07.2023
923,Katalin Owtram,Apt 416,438 278 6686,kowtrampm@scribd.com,25.03.2023
924,Basia Hanselman,PO Box 8690,141 645 5255,bhanselmanpn@washington.edu,09.01.2023
925,Lonee Hafford,7th Floor,171 131 5935,lhaffordpo@europa.eu,13.09.2023
926,Celestia Coleby,Room 1401,916 822 6144,ccolebypp@theglobeandmail.com,06.11.2023
927,Wilt Giacobillo,Suite 5,617 443 0804,wgiacobillopq@paypal.com,29.09.2023
928,Jana Gilding,Room 118,647 801 6658,jgildingpr@google.com.au,22.09.2023
929,Hercule Peasee,18th Floor,160 908 8256,hpeaseeps@arizona.edu,08.05.2023
930,Nobie Kemmet,11th Floor,438 461 6453,nkemmetpt@zimbio.com,22.03.2023
931,Sapphira Norcop,Suite 22,436 754 8693,snorcoppu@japanpost.jp,08.06.2023
932,Meade Lockhart,PO Box 61315,660 339 3625,mlockhartpv@aol.com,08.10.2023
933,Leicester Chiese,Suite 14,992 374 9006,lchiesepw@webmd.com,12.01.2023
934,Irma Rigglesford,Room 638,315 831 7192,irigglesfordpx@abc.net.au,26.03.2023
935,Heloise Althrope,Room 1541,748 552 4699,halthropepy@hud.gov,11.12.2023
936,Giulietta Blackster,Suite 66,329 254 2124,gblacksterpz@phoca.cz,21.09.2023
937,Ruy Isoldi,Suite 37,933 221 6098,risoldiq0@fc2.com,19.06.2023
938,Bealle Tye,Room 648,749 368 0024,btyeq1@google.de,29.06.2023
939,Loree Dollimore,PO Box 67677,334 236 8600,ldollimoreq2@ted.com,13.10.2023
940,Laina Robrow,Suite 95,952 402 5629,lrobrowq3@cam.ac.uk,03.08.2023
941,Clayton Pearch,Apt 1440,359 644 9686,cpearchq4@rakuten.co.jp,29.04.2023
942,Randie Willmore,Suite 91,629 769 3744,rwillmoreq5@clickbank.net,21.09.2023
943,Michel Foucard,18th Floor,189 917 4767,mfoucardq6@sbwire.com,13.12.2023
944,Orly Crucitti,18th Floor,118 956 4585,ocrucittiq7@blogspot.com,17.04.2023
945,Jasmine Biddy,PO Box 2061,214 487 0822,jbiddyq8@nyu.edu,01.04.2023
946,Birdie Blundell,13th Floor,993 124 7493,bblundellq9@wordpress.org,19.04.2023
947,Reggie Crossland,Suite 34,385 487 7299,rcrosslandqa@eventbrite.com,11.01.2023
948,Prentiss Taree,Suite 36,507 827 8389,ptareeqb@yelp.com,25.07.2023
949,Buck Lawday,Room 1152,438 409 4917,blawdayqc@mac.com,10.07.2023
950,Sibel Tremellier,Apt 69,889 600 5775,stremellierqd@ehow.com,05.05.2023
951,Kakalina Note,20th Floor,998 890 3729,knoteqe@sfgate.com,17.09.2023
952,Peggi Lansly,Apt 447,812 987 6224,planslyqf@forbes.com,13.01.2023
953,Mariam McCrossan,Apt 1620,658 479 9416,mmccrossanqg@howstuffworks.com,05.01.2024
954,Donall Cannon,Suite 20,682 267 9584,dcannonqh@skyrock.com,06.10.2023
955,Cully Ivashinnikov,PO Box 70468,963 661 9491,civashinnikovqi@wunderground.com,21.10.2023
956,Gabbey Slyme,Room 829,967 725 0350,gslymeqj@icio.us,18.05.2023
957,Herculie Firks,Apt 1838,623 536 3103,hfirksqk@usa.gov,03.08.2023
958,Cristiano Newband,Suite 40,538 887 5189,cnewbandql@zimbio.com,01.08.2023
959,Winfield Lensch,16th Floor,215 340 5144,wlenschqm@adobe.com,06.06.2023
960,Ingar Leile,Suite 52,983 133 4119,ileileqn@gnu.org,01.02.2023
961,Herc Ireson,Suite 50,880 526 2708,hiresonqo@ucsd.edu,31.12.2023
962,Ingaberg Stert,Apt 1606,644 621 5276,istertqp@weibo.com,04.05.2023
963,Pietrek Mirams,PO Box 9634,752 510 8613,pmiramsqq@ihg.com,04.01.2023
964,Hamlin Smalridge,Suite 82,683 580 7744,hsmalridgeqr@phoca.cz,28.06.2023
965,Peggie Biermatowicz,1st Floor,845 120 8929,pbiermatowiczqs@joomla.org,08.10.2023
966,Gordon Waine,Suite 83,699 774 3964,gwaineqt@virginia.edu,22.06.2023
967,Bartolomeo Rosle,5th Floor,617 172 0873,broslequ@oakley.com,29.09.2023
968,Dulce Bennallck,Room 1062,175 536 4016,dbennallckqv@timesonline.co.uk,15.01.2023
969,Sharl Smithe,Room 702,214 645 0642,ssmitheqw@hubpages.com,14.09.2023
970,Margret Dowty,13th Floor,191 865 0512,mdowtyqx@prlog.org,19.05.2023
971,Sam Benoit,9th Floor,529 270 3647,sbenoitqy@shop-pro.jp,08.11.2023
972,Roderigo Novis,Suite 57,492 603 4040,rnovisqz@ucoz.ru,04.12.2023
973,Mozes Spellman,7th Floor,939 326 5996,mspellmanr0@google.co.uk,31.01.2023
974,Ronny Schroder,Room 393,763 445 6150,rschroderr1@army.mil,04.09.2023
975,John Elles,PO Box 59250,719 596 7039,jellesr2@yellowbook.com,22.06.2023
976,Sonia Sheward,Apt 1401,995 915 5511,sshewardr3@nbcnews.com,20.10.2023
977,Ruthanne Keeves,Suite 6,922 470 8804,rkeevesr4@sogou.com,09.03.2023
978,Gratiana Oswald,PO Box 51439,986 296 8850,goswaldr5@yahoo.com,30.10.2023
979,Aaren Sibille,PO Box 62658,231 280 8397,asibiller6@ted.com,03.10.2023
980,Camile Pagan,Suite 24,674 984 0034,cpaganr7@princeton.edu,06.10.2023
981,Colin Rate,14th Floor,151 320 4172,crater8@umn.edu,25.12.2023
982,Glenden Golling,Apt 1655,243 254 1381,ggollingr9@prweb.com,13.12.2023
983,Clem Matysiak,Suite 69,907 526 0352,cmatysiakra@whitehouse.gov,18.06.2023
984,Giffie MacTrustrie,Suite 84,212 802 0702,gmactrustrierb@mail.ru,15.03.2023
985,Fidelity Milleton,12th Floor,539 648 1255,fmilletonrc@soup.io,02.08.2023
986,Tracey Portch,PO Box 73469,516 486 1290,tportchrd@linkedin.com,26.04.2023
987,Zsazsa Nabbs,Room 1553,787 460 9495,znabbsre@ed.gov,23.04.2023
988,Noby Gatrill,Suite 32,510 566 0945,ngatrillrf@list-manage.com,29.04.2023
989,Evie Barfford,Suite 6,547 952 6467,ebarffordrg@twitpic.com,14.02.2023
990,Pennie Meader,Suite 60,429 874 3686,pmeaderrh@hhs.gov,28.08.2023
991,Sydney Guard,PO Box 69251,980 260 7602,sguardri@pcworld.com,30.12.2023
992,Winne Kier,5th Floor,163 433 3493,wkierrj@ycombinator.com,06.12.2023
993,Correy Freake,14th Floor,684 427 5273,cfreakerk@redcross.org,20.09.2023
994,Clayson Depke,Apt 238,318 876 5913,cdepkerl@dailymotion.com,21.03.2023
995,Dilly Andres,PO Box 77978,571 377 0926,dandresrm@google.de,13.08.2023
996,Vassily Nowlan,PO Box 31381,566 300 2387,vnowlanrn@rakuten.co.jp,15.03.2023
997,Mateo Flute,Room 415,997 102 4087,mflutero@mayoclinic.com,10.10.2023
998,Eden Lightollers,13th Floor,133 632 4282,elightollersrp@domainmarket.com,05.06.2023
999,Donaugh Iles,Suite 16,324 468 5023,dilesrq@virginia.edu,05.09.2023
1000,Wat Elrick,Suite 86,748 142 8698,welrickrr@mayoclinic.com,24.12.2023
