nome,telefone,email,gasto
Ardyce Wickenden,248-705-5749,awickenden0@vk.com,6779
Christal Jacobovitz,411-322-2221,cjacobovitz1@parallels.com,1110
Danya Martyns,239-864-9231,dmartyns2@wiley.com,3793
Debbie Bartolic,931-496-4516,dbartolic3@google.de,4686
Marten Bengoechea,469-781-6344,mbengoechea4@tumblr.com,4634
Burlie Addinall,206-901-2952,baddinall5@free.fr,19399
Donnie Messam,599-964-4801,dmessam6@list-manage.com,1766
Pieter Yare,158-584-1501,pyare7@toplist.cz,15105
Ortensia Geharke,914-694-9828,ogeharke8@eepurl.com,18069
Aldon Casper,351-195-9209,acasper9@list-manage.com,1028
Junette Gronaver,790-606-4889,jgronavera@amazon.com,1854
Lanie Busby,216-195-3394,lbusbyb@fastcompany.com,5847
Jorge Elcombe,487-194-1171,jelcombec@merriam-webster.com,4856
Paige Baldin,993-250-4146,pbaldind@linkedin.com,13815
Gerhardt Backe,594-285-9505,gbackee@ucoz.com,12375
Lotte Klousner,871-552-1314,lklousnerf@myspace.com,19687
Seamus Bliven,802-731-5931,sbliveng@gizmodo.com,6928
Kacey Matteucci,994-350-6132,kmatteuccih@blogspot.com,6960
Mei Dowsing,899-221-0249,mdowsingi@t.co,6412
Northrup Hassall,277-460-9984,nhassallj@loc.gov,19285
Ferdinanda Furman,575-356-0299,ffurmank@who.int,15944
Brandice Jecks,210-473-0973,bjecksl@hubpages.com,6542
Brendin Syne,556-223-2070,bsynem@github.io,9947
Anson Moth,630-965-0685,amothn@desdev.cn,3022
Marwin Stickley,449-254-9317,mstickleyo@blinklist.com,17865
Janenna Domino,405-982-1807,jdominop@va.gov,13191
Rayna Smitten,864-812-8277,rsmittenq@indiegogo.com,5642
Marc Bermingham,877-912-1630,mberminghamr@shareasale.com,17427
Theodore Le Barre,277-576-2827,tles@berkeley.edu,4665
Deloris Poundesford,461-652-7714,dpoundesfordt@vinaora.com,1821
Kesley Bozworth,971-777-4207,kbozworthu@xrea.com,12123
Flory Ruffler,291-450-7021,frufflerv@hibu.com,10927
Gram Morden,558-560-7083,gmordenw@npr.org,17119
Jobi Minard,186-382-3904,jminardx@hao123.com,7920
Durant Ingleby,927-549-0420,dinglebyy@freewebs.com,16570
Barrie Phelip,169-480-9352,bphelipz@taobao.com,9618
Bill Pickle,939-500-2367,bpickle10@aol.com,9952
Adler Heak,645-712-4190,aheak11@prlog.org,9744
Geno Stirrip,889-520-8265,gstirrip12@guardian.co.uk,7315
Stoddard Crysell,949-779-5529,scrysell13@google.pl,6438
Sherri Dalzell,750-866-9625,sdalzell14@amazonaws.com,5730
Webb Bice,278-788-2402,wbice15@soundcloud.com,3808
Woody Brotherhed,436-244-9119,wbrotherhed16@xinhuanet.com,11325
Cathrin Pennycook,766-525-9755,cpennycook17@cyberchimps.com,1607
Mercedes Coggins,475-168-8424,mcoggins18@lulu.com,17292
Valentino Pitfield,961-540-3720,vpitfield19@disqus.com,2308
Clemence Wyse,234-173-5349,cwyse1a@domainmarket.com,8187
Allissa Demetr,112-857-2370,ademetr1b@biblegateway.com,5608
Skelly Mattersley,223-769-2830,smattersley1c@accuweather.com,9525
Lanae Dobbing,201-655-7532,ldobbing1d@house.gov,1950
Celestina Mayho,540-343-0575,cmayho1e@xing.com,3494
Sully Westrope,573-640-8129,swestrope1f@topsy.com,16016
Charley Harget,556-321-6508,charget1g@jugem.jp,12763
Cynthea Frisby,530-615-3840,cfrisby1h@surveymonkey.com,8015
Alaine Burns,331-584-9119,aburns1i@instagram.com,17573
Douglas Keetch,317-482-9012,dkeetch1j@istockphoto.com,16968
Moses Matyushenko,601-326-3407,mmatyushenko1k@trellian.com,1979
Billie Bowling,275-381-6083,bbowling1l@wikispaces.com,10415
Den Patriskson,649-893-2054,dpatriskson1m@infoseek.co.jp,3164
Norri Goncaves,694-163-1175,ngoncaves1n@disqus.com,17555
Abramo Drought,672-635-4551,adrought1o@accuweather.com,10660
Adaline Gilby,734-272-7818,agilby1p@themeforest.net,11733
Pansy Lehrian,938-126-0527,plehrian1q@dell.com,16684
Alice Caston,936-937-3681,acaston1r@admin.ch,7291
Marian Kopf,670-200-4412,mkopf1s@theatlantic.com,11954
Belvia Duligall,424-817-8706,bduligall1t@apple.com,15249
Ludwig Quinlan,195-401-7961,lquinlan1u@addtoany.com,10262
Barney McAster,101-590-2764,bmcaster1v@wordpress.com,10214
Heloise Blaasch,604-601-5192,hblaasch1w@spiegel.de,18747
Peyter Herley,520-912-5225,pherley1x@hhs.gov,3438
Todd Gierth,374-103-6387,tgierth1y@globo.com,3443
Ana Dulinty,856-792-6957,adulinty1z@reddit.com,7007
Noami Kemmis,587-344-8017,nkemmis20@ifeng.com,13533
Othilia Grissett,480-538-9993,ogrissett21@cargocollective.com,2494
Paddy Bamell,510-664-3112,pbamell22@about.me,15649
Briney Forbear,291-798-8503,bforbear23@unesco.org,4371
Meara O'Quin,442-507-8434,moquin24@apple.com,15211
Loretta Lightbourn,437-683-0608,llightbourn25@illinois.edu,18358
Melitta Behrend,586-838-3711,mbehrend26@slate.com,4380
Kleon Haddow,200-530-1108,khaddow27@dropbox.com,1532
Bret Mease,359-453-8439,bmease28@craigslist.org,18924
Aaron Smith,550-411-0815,asmith29@blogger.com,14787
Emalia Brickner,660-431-6683,ebrickner2a@va.gov,8007
Shandie Mingaye,598-962-3805,smingaye2b@businesswire.com,10279
Annemarie Nicholas,241-893-4477,anicholas2c@booking.com,11140
Max Malecky,309-824-1148,mmalecky2d@alexa.com,6642
Thaddus Walter,624-169-8882,twalter2e@ameblo.jp,10706
Ilka Snoddon,453-248-0628,isnoddon2f@merriam-webster.com,14911
Coreen Bucktrout,262-322-8987,cbucktrout2g@virginia.edu,8005
Alvis Vassall,346-758-6075,avassall2h@cisco.com,15209
Odey Brandenburg,965-922-7002,obrandenburg2i@google.it,3148
Lyn Erlam,519-888-6707,lerlam2j@wikipedia.org,15324
Kelvin Sill,221-623-0906,ksill2k@who.int,5767
Edgardo Jablonski,317-396-7532,ejablonski2l@wufoo.com,14766
Artemas Bailess,732-345-1630,abailess2m@toplist.cz,3875
August Beefon,683-938-7320,abeefon2n@bbc.co.uk,19350
Malchy Fellgatt,489-955-1457,mfellgatt2o@yolasite.com,14510
Betteann Rounds,167-462-6098,brounds2p@goodreads.com,8782
Marty Portch,202-117-2589,mportch2q@accuweather.com,17733
Wanda Morphey,351-874-8356,wmorphey2r@telegraph.co.uk,8385
Warde Oboy,835-302-2513,woboy2s@nymag.com,4001
Sheilakathryn Capaldi,261-839-3781,scapaldi2t@columbia.edu,888
Dyanna Nund,334-428-6507,dnund2u@bbb.org,10053
Byran McGaughie,490-440-3551,bmcgaughie2v@soup.io,4784
Kirstin Luipold,742-852-0157,kluipold2w@nba.com,578
Coralyn Harmes,677-391-7500,charmes2x@homestead.com,11934
Sammy Eick,860-373-5500,seick2y@walmart.com,18438
Berky Mangin,479-896-3201,bmangin2z@so-net.ne.jp,5202
Rafe Kirkwood,184-295-6044,rkirkwood30@examiner.com,15555
Devondra Cayle,218-209-4949,dcayle31@zdnet.com,13130
Binnie Buzek,932-151-4309,bbuzek32@ox.ac.uk,6797
Anson Life,974-353-5907,alife33@google.ca,7510
Jeffie Heale,848-672-2933,jheale34@google.co.uk,9802
Dulce Crosson,631-687-6758,dcrosson35@unc.edu,17604
Erina Rawdales,962-732-3904,erawdales36@tiny.cc,1991
Maurice O'Brian,343-350-1032,mobrian37@globo.com,4760
Sara Kelland,164-277-1973,skelland38@patch.com,15514
Gracia Peeke-Vout,311-313-2268,gpeekevout39@webs.com,6878
Bamby Rope,631-302-4332,brope3a@booking.com,4078
Nils Fromont,390-526-3384,nfromont3b@nps.gov,5578
Edith Oxtiby,563-496-5363,eoxtiby3c@simplemachines.org,10302
Stefania Skeemor,560-821-2285,sskeemor3d@printfriendly.com,135
Burr Carmo,169-697-1652,bcarmo3e@indiatimes.com,19994
Leonid Porteous,546-397-8184,lporteous3f@springer.com,3018
Rayna Bamling,326-963-0125,rbamling3g@scribd.com,13036
Fayina Bonett,501-368-1610,fbonett3h@sitemeter.com,12290
Jerrilee Filkov,958-500-3674,jfilkov3i@blinklist.com,16429
Cindee Mault,613-207-9455,cmault3j@huffingtonpost.com,18388
Sonia Speachley,428-950-8970,sspeachley3k@bloglovin.com,15627
Cindee Lukacs,781-137-2823,clukacs3l@cbsnews.com,7562
Pren Klimushev,254-241-9437,pklimushev3m@craigslist.org,479
Alyse Berntsson,750-687-4230,aberntsson3n@facebook.com,111
Maure Spyvye,701-295-1232,mspyvye3o@mit.edu,4946
Kip Messenbird,787-934-2926,kmessenbird3p@ycombinator.com,16544
Ulrich Tomasino,902-845-7570,utomasino3q@topsy.com,864
Yardley Foxen,512-280-2875,yfoxen3r@ed.gov,18910
Erek Muir,324-671-3307,emuir3s@jimdo.com,16012
Maje Feaks,921-273-9204,mfeaks3t@who.int,18523
Jenica Lawrie,187-385-9292,jlawrie3u@icq.com,9624
Claire Kemwall,379-469-0607,ckemwall3v@miitbeian.gov.cn,3949
Guss Widdicombe,318-963-4722,gwiddicombe3w@biglobe.ne.jp,2907
Grier Billiard,401-584-9939,gbilliard3x@list-manage.com,13543
Mira Stradling,855-704-0490,mstradling3y@nymag.com,10646
Gwendolen Badam,131-505-4494,gbadam3z@canalblog.com,12237
Minnnie Calan,123-718-3964,mcalan40@xing.com,19883
Chrysa Lutman,118-106-0114,clutman41@microsoft.com,6248
Shurlock Slate,419-318-6852,sslate42@amazon.com,13395
Laughton Du Fray,336-920-4014,ldu43@mayoclinic.com,9669
Mendy Clipsham,454-484-1350,mclipsham44@upenn.edu,1384
Skipper Khomich,604-459-7442,skhomich45@fastcompany.com,19108
Paulette Matushevich,527-814-8035,pmatushevich46@fda.gov,16743
Eustace Bysouth,212-379-5735,ebysouth47@hexun.com,751
Yulma Vanni,436-119-1966,yvanni48@un.org,13630
Cord Rittmeyer,676-905-1114,crittmeyer49@360.cn,3161
Burr Burwell,917-545-3030,bburwell4a@apple.com,13278
Hagen Rowlands,153-275-9050,hrowlands4b@zimbio.com,2509
Cordey Ech,439-201-7192,cech4c@123-reg.co.uk,15799
Drusi Sharphurst,445-832-6021,dsharphurst4d@aboutads.info,12464
Hyacinthe Simoni,971-299-1724,hsimoni4e@stanford.edu,15691
Elden Iwanowicz,917-670-0867,eiwanowicz4f@cnet.com,17938
Kathlin Attoe,862-909-5129,kattoe4g@deliciousdays.com,14427
Kipp Langstone,388-263-5066,klangstone4h@usatoday.com,17251
Gib Tootell,761-741-4304,gtootell4i@themeforest.net,12779
Farand Ten Broek,330-997-1921,ften4j@yelp.com,4330
Hillier Wadly,663-854-8521,hwadly4k@yellowpages.com,13692
Durant Hiner,260-712-1073,dhiner4l@dmoz.org,4177
Ida Mugridge,244-840-5088,imugridge4m@ustream.tv,5717
Van Chaikovski,372-171-4508,vchaikovski4n@gnu.org,5033
Ahmad Zuanelli,792-671-6300,azuanelli4o@about.com,2644
Elle Tribble,724-314-9234,etribble4p@google.fr,6897
Bron Sarfas,387-383-6685,bsarfas4q@sina.com.cn,18519
Marie Faulder,214-587-4385,mfaulder4r@exblog.jp,6904
Perren Lightbody,940-206-8941,plightbody4s@wikimedia.org,15542
Philippine Capron,381-293-8487,pcapron4t@economist.com,14909
Mitzi Bontein,590-832-4643,mbontein4u@dagondesign.com,18142
Lorena Chichgar,668-123-9857,lchichgar4v@yale.edu,14493
Gardener Gherardini,909-786-1992,ggherardini4w@mlb.com,5706
Celene Vost,480-109-0706,cvost4x@bbc.co.uk,16383
Thea Ecclestone,982-655-4752,tecclestone4y@nyu.edu,18834
Van Calendar,791-228-5083,vcalendar4z@geocities.jp,16329
Shirl Mottram,215-727-1789,smottram50@economist.com,5707
Carlie Seckington,879-617-1484,cseckington51@sourceforge.net,832
Isobel Conneau,264-304-9780,iconneau52@ask.com,7940
Davie Kwiek,230-727-5650,dkwiek53@bravesites.com,9305
Karylin Ivakhnov,710-770-3179,kivakhnov54@imageshack.us,7827
Marcus Wise,489-638-9217,mwise55@thetimes.co.uk,7405
Nyssa Brafferton,834-218-0728,nbrafferton56@squarespace.com,2265
Grady Mc Faul,645-457-0187,gmc57@bloomberg.com,10378
Mignonne Mullord,740-143-4087,mmullord58@pen.io,16489
Sigismundo Buddles,807-952-6826,sbuddles59@cloudflare.com,12384
Donetta Hambly,803-305-2664,dhambly5a@nhs.uk,1355
Creight Marris,949-919-2431,cmarris5b@apple.com,2248
Eda Izzatt,174-366-2369,eizzatt5c@icio.us,1043
Nicoli Sibbson,213-907-8933,nsibbson5d@biglobe.ne.jp,15295
Emmaline Bedow,395-813-9987,ebedow5e@europa.eu,825
Britteny Newby,522-921-8326,bnewby5f@typepad.com,12534
Glynda Rappport,501-711-2240,grappport5g@so-net.ne.jp,19833
Windy Schapiro,560-757-2177,wschapiro5h@wiley.com,7477
Gisele Coltherd,161-247-7159,gcoltherd5i@stanford.edu,18017
Peta Scotney,741-158-5609,pscotney5j@timesonline.co.uk,657
Minor Mc Caughen,601-794-5554,mmc5k@youtube.com,4787
Kendra Tardiff,286-605-4099,ktardiff5l@jalbum.net,13408
Karisa Doey,477-991-4862,kdoey5m@disqus.com,8933
Antonie Laurand,437-812-2346,alaurand5n@icio.us,11715
Mariel Seabourne,979-651-3300,mseabourne5o@aboutads.info,11038
Sharlene Proven,415-429-1472,sproven5p@elegantthemes.com,1229
Farica Brabyn,895-448-5982,fbrabyn5q@earthlink.net,18483
Dot Roughey,877-349-4696,droughey5r@admin.ch,1702
Matthus Dowdeswell,239-415-8675,mdowdeswell5s@wunderground.com,5527
Dolf Gabbitis,265-813-6603,dgabbitis5t@sourceforge.net,2065
Paul Rockwill,202-172-2922,prockwill5u@youtu.be,17419
Jaclyn Duran,618-299-8278,jduran5v@about.me,3642
Renae O' Concannon,431-127-1747,ro5w@google.cn,10435
Katuscha Lashley,547-809-3454,klashley5x@statcounter.com,7911
Teri Plait,986-487-0370,tplait5y@npr.org,1564
Nita Taig,349-268-7037,ntaig5z@trellian.com,17036
Tallie Gallant,139-945-4994,tgallant60@yahoo.com,5178
Charlot Osmar,225-443-5786,cosmar61@disqus.com,14567
Calvin McCaffery,252-840-9322,cmccaffery62@businesswire.com,1046
Helenelizabeth Kunzler,654-221-0745,hkunzler63@msn.com,6568
Sherri Greenalf,188-898-2202,sgreenalf64@mapy.cz,13465
Mignonne Huggard,957-749-5342,mhuggard65@ehow.com,11135
Teriann Merrgan,890-167-1765,tmerrgan66@vimeo.com,6935
Truda Cowle,822-821-7614,tcowle67@imageshack.us,12568
Pam Rimbault,454-983-8604,primbault68@tuttocitta.it,15841
Charlton Yakobowitz,850-804-5864,cyakobowitz69@hhs.gov,9280
Willamina Hurford,435-648-6960,whurford6a@biblegateway.com,12960
Kristen Culy,165-433-9042,kculy6b@accuweather.com,8323
Arlinda Teenan,300-620-3674,ateenan6c@freewebs.com,6735
Morty Sandford,864-301-6685,msandford6d@uol.com.br,4036
Giustino Wyeth,311-601-3318,gwyeth6e@dagondesign.com,6400
Pammi Jump,187-665-6876,pjump6f@homestead.com,11979
Otho Taffe,701-381-0227,otaffe6g@kickstarter.com,6883
Garv Wint,660-484-8792,gwint6h@theatlantic.com,4262
William McGreal,518-395-3614,wmcgreal6i@freewebs.com,13061
Jermayne Longmore,548-181-8024,jlongmore6j@sakura.ne.jp,4581
Verene Lackney,296-742-4356,vlackney6k@indiegogo.com,14115
Bentlee Parlett,493-759-3773,bparlett6l@feedburner.com,19362
Debor Akram,415-158-5281,dakram6m@cdbaby.com,17353
Burke Whitehorne,765-768-2079,bwhitehorne6n@bloglovin.com,19472
Essy Pherps,904-186-1849,epherps6o@123-reg.co.uk,19200
Sim Hrinchenko,116-118-1531,shrinchenko6p@moonfruit.com,15083
Hanan Beat,885-202-2759,hbeat6q@amazon.co.jp,6287
Reginald Eldered,489-693-9687,reldered6r@cbc.ca,8836
Kyrstin Olivera,731-901-5101,kolivera6s@shareasale.com,5770
Arlette Krysiak,524-745-1759,akrysiak6t@feedburner.com,16806
Kippie Koubek,623-765-0567,kkoubek6u@whitehouse.gov,19672
Greta Peebles,775-311-9948,gpeebles6v@chron.com,19934
Christiana Petrillo,402-385-1071,cpetrillo6w@tripadvisor.com,7752
Carilyn Caygill,670-187-6672,ccaygill6x@mtv.com,1090
Kelly Gorton,525-721-8484,kgorton6y@ameblo.jp,16522
Kennie Tempest,956-568-4796,ktempest6z@yahoo.com,13955
Felike Eckly,845-648-3101,feckly70@tinyurl.com,1939
Modesty Brader,227-661-2301,mbrader71@lycos.com,16510
Emily Kunrad,141-235-1141,ekunrad72@barnesandnoble.com,13931
Maddy Sabbatier,515-387-9439,msabbatier73@addthis.com,2711
Ewart Goosey,902-950-6377,egoosey74@berkeley.edu,11451
Coral Scarborough,892-771-8966,cscarborough75@cocolog-nifty.com,19207
Ezechiel Campes,275-453-7838,ecampes76@blogs.com,17213
Sheffield Gribbin,468-668-4880,sgribbin77@census.gov,12067
Margo Henden,878-216-0581,mhenden78@ca.gov,19200
Dougy McLucky,435-774-3599,dmclucky79@fastcompany.com,9875
Gualterio Overlow,737-724-0369,goverlow7a@miitbeian.gov.cn,3629
Appolonia Owttrim,251-118-2102,aowttrim7b@rakuten.co.jp,1541
Letizia Cosins,195-655-5085,lcosins7c@tuttocitta.it,1298
Joby Ewells,492-103-9282,jewells7d@ca.gov,4530
Kaitlyn Brownlee,528-517-8077,kbrownlee7e@wsj.com,16518
Quinn Loveard,264-312-7497,qloveard7f@weibo.com,809
Francklyn Caudrey,797-426-3105,fcaudrey7g@usatoday.com,12026
Barbie Hassent,186-957-8769,bhassent7h@seattletimes.com,11185
Danila Gooder,486-990-5623,dgooder7i@slate.com,16311
Kurt Macias,994-186-9574,kmacias7j@ucsd.edu,12608
Elfreda Covill,355-474-7172,ecovill7k@dedecms.com,7827
Merry Peyton,551-799-3196,mpeyton7l@altervista.org,11176
Vicki Overlow,437-206-2712,voverlow7m@is.gd,7753
Tremaine Keable,115-280-3193,tkeable7n@sourceforge.net,16836
Husain Cannon,846-162-6495,hcannon7o@instagram.com,8809
Darrick Gosby,551-672-0289,dgosby7p@amazon.de,12127
Maury Sabater,351-142-4365,msabater7q@cam.ac.uk,13128
Elenore Gingel,565-436-3859,egingel7r@discovery.com,16734
Rochester Laimable,181-145-2573,rlaimable7s@ebay.com,6476
Eda Fallanche,549-612-7858,efallanche7t@alibaba.com,7554
Gherardo Legan,521-643-4306,glegan7u@va.gov,14464
Maribel Kops,849-932-8143,mkops7v@comsenz.com,6692
Flori Beange,516-583-3337,fbeange7w@hostgator.com,1681
Aldus Yarrall,144-295-0156,ayarrall7x@seesaa.net,2050
Leigh Kench,666-556-7934,lkench7y@amazonaws.com,2448
Demetris Marvelley,154-460-3749,dmarvelley7z@com.com,5357
Gardener Francom,257-611-8218,gfrancom80@soup.io,11878
Ronny Spare,283-633-7425,rspare81@discovery.com,18801
Nerissa Sarson,815-788-8716,nsarson82@nasa.gov,16408
Leopold Doblin,362-157-2764,ldoblin83@cnet.com,8343
Perceval Kilbane,671-665-4438,pkilbane84@google.com.hk,10633
Pietrek Kemmer,569-931-3982,pkemmer85@techcrunch.com,14426
Chick Maith,438-238-2591,cmaith86@msu.edu,1155
Erhard Haslock(e),304-949-5105,ehaslocke87@clickbank.net,9655
Arlette Corroyer,857-809-7419,acorroyer88@google.it,14149
Davita Mitchenson,890-645-8483,dmitchenson89@go.com,6249
Suzanna Haggie,328-443-5362,shaggie8a@abc.net.au,8915
Yuma Hepher,714-991-2650,yhepher8b@businesswire.com,19915
Gard Catto,169-834-4072,gcatto8c@washington.edu,4954
Graham Gemmill,625-721-0552,ggemmill8d@stanford.edu,2239
Leda Durbann,719-491-0563,ldurbann8e@purevolume.com,3051
Dorie Ovanesian,302-553-1969,dovanesian8f@amazon.de,3855
Damara Sukbhans,585-110-6257,dsukbhans8g@zdnet.com,16999
Barbie Sorsbie,758-215-3999,bsorsbie8h@deviantart.com,6499
Eunice Kippie,122-442-2452,ekippie8i@photobucket.com,17598
Maegan Kurt,967-117-3653,mkurt8j@unesco.org,9760
Lucio Le Hucquet,971-280-6352,lle8k@bizjournals.com,13251
Regine Geroldo,584-409-5698,rgeroldo8l@arstechnica.com,10899
Faustine Keher,508-269-4798,fkeher8m@facebook.com,1358
Hagan Fredi,358-635-2992,hfredi8n@xrea.com,17641
Hailee Oughtright,853-652-1391,houghtright8o@amazon.co.uk,16074
Melanie Batte,987-820-0974,mbatte8p@google.nl,12225
Bob Hanwright,985-510-0536,bhanwright8q@mlb.com,676
Nissa Valencia,296-919-7055,nvalencia8r@prnewswire.com,7051
Dukie Ibel,727-137-3472,dibel8s@ted.com,18149
Briny Hardiman,212-169-8828,bhardiman8t@kickstarter.com,9816
Lanna Brennenstuhl,389-765-3888,lbrennenstuhl8u@wikipedia.org,18020
Syd Charlo,990-924-7358,scharlo8v@twitter.com,8765
Llywellyn Chstney,673-853-6532,lchstney8w@mail.ru,1369
Latisha Broggio,867-342-2463,lbroggio8x@npr.org,9449
My Soans,605-319-6139,msoans8y@redcross.org,7302
Titos Renol,157-828-4996,trenol8z@vistaprint.com,818
Richie Danilchik,375-991-3799,rdanilchik90@alibaba.com,10338
Conni Leed,233-445-4230,cleed91@craigslist.org,9151
Kristyn Verralls,101-780-0899,kverralls92@cornell.edu,7718
Amata Fallow,411-225-9113,afallow93@squarespace.com,19572
Humbert Newbigging,848-563-5617,hnewbigging94@networksolutions.com,16452
Ly Christmas,641-159-8964,lchristmas95@yellowbook.com,14885
Malia Peverell,485-323-4617,mpeverell96@mail.ru,1768
Bart Bake,792-104-0258,bbake97@mediafire.com,6593
Bobinette Sprouls,412-453-1941,bsprouls98@hibu.com,18825
Annis Brion,849-510-2990,abrion99@chicagotribune.com,201
Patty Gilvary,280-481-8829,pgilvary9a@patch.com,9243
Aldus Winchester,617-955-3394,awinchester9b@globo.com,13158
Drusi Elletson,936-985-1635,delletson9c@drupal.org,558
Gwyneth Goricke,264-277-7591,ggoricke9d@nhs.uk,9608
Cindy MacNish,105-423-1919,cmacnish9e@accuweather.com,1056
Frederico Stoad,528-800-6706,fstoad9f@disqus.com,18471
Sibby Sangwin,370-562-5451,ssangwin9g@columbia.edu,4626
Selig Withinshaw,591-835-0894,swithinshaw9h@whitehouse.gov,15526
Anna-diane Cade,453-262-7061,acade9i@360.cn,5437
Ives Fergie,598-277-1576,ifergie9j@webs.com,7718
Burtie Strathern,582-635-7892,bstrathern9k@yale.edu,13830
Dill Dell 'Orto,579-791-6282,ddell9l@xrea.com,13748
Helenka MacDunlevy,674-446-8686,hmacdunlevy9m@storify.com,12229
Philbert Hawkey,558-389-3014,phawkey9n@blogtalkradio.com,11232
Derward Kulas,461-817-3176,dkulas9o@imdb.com,9429
Ernesto Graves,267-382-1141,egraves9p@studiopress.com,12365
Anatola Plaster,212-897-0104,aplaster9q@ow.ly,3082
Moe McCombe,618-391-9789,mmccombe9r@archive.org,7822
Hayes Bagg,541-446-8274,hbagg9s@gizmodo.com,14095
Corty Shoreman,212-188-6352,cshoreman9t@goo.gl,10822
Rhetta Shotbolt,572-752-1676,rshotbolt9u@newyorker.com,12884
Garland Ivanets,731-158-4675,givanets9v@slate.com,9850
Gregg Thinn,719-149-0508,gthinn9w@weather.com,5137
Della Vanes,610-917-2167,dvanes9x@rambler.ru,7807
Tiffi McVittie,362-643-6068,tmcvittie9y@zimbio.com,18271
Julie Sykes,493-187-7643,jsykes9z@1und1.de,3632
Marcia O'Shevlan,598-588-0112,moshevlana0@angelfire.com,19837
Jean Lund,767-916-0448,jlunda1@bing.com,3556
Milka Umpleby,318-178-1091,mumplebya2@yellowpages.com,15903
Rickey Bassingden,736-958-4614,rbassingdena3@meetup.com,11235
Janina Preddle,930-976-3553,jpreddlea4@nyu.edu,1795
Kiri Bampfield,536-182-9157,kbampfielda5@wiley.com,19775
Richmond Etoile,624-867-4453,retoilea6@ed.gov,10720
Lucita Oleksinski,514-171-9513,loleksinskia7@intel.com,3633
Feliks Drane,529-716-2414,fdranea8@fema.gov,7368
Lauralee Haseldine,834-809-3980,lhaseldinea9@ftc.gov,7432
Veronika MacCracken,347-238-1063,vmaccrackenaa@imdb.com,11024
Hal Chazelle,111-326-0311,hchazelleab@cisco.com,16669
Olympe Soggee,591-256-9430,osoggeeac@wp.com,8711
Morissa Thirlwall,201-307-2607,mthirlwallad@about.me,956
Phil Josskoviz,810-392-0373,pjosskovizae@europa.eu,15933
Valencia Boame,327-619-2346,vboameaf@4shared.com,4580
Lonna Maffey,506-318-8227,lmaffeyag@accuweather.com,14748
Keely McShirrie,949-118-9113,kmcshirrieah@goo.gl,9210
Gradey Colleck,806-806-0838,gcolleckai@bing.com,1337
Melina Woofenden,188-952-6698,mwoofendenaj@whitehouse.gov,5864
Claudelle Sharpe,274-304-6811,csharpeak@weather.com,13134
Joli Dibbs,960-744-0984,jdibbsal@walmart.com,3577
Henri Staves,688-924-5973,hstavesam@amazonaws.com,3645
Delano Hiland,617-435-7735,dhilandan@tmall.com,15893
Pacorro Shoreson,414-911-9741,pshoresonao@mashable.com,5596
Sheridan LAbbet,642-218-8897,slabbetap@cbc.ca,8315
Opaline Coulthart,629-699-8976,ocoulthartaq@craigslist.org,16908
Beverie Estevez,683-821-5655,bestevezar@desdev.cn,18614
Madonna MacGaughey,430-258-1788,mmacgaugheyas@acquirethisname.com,564
Rufus Goodier,468-876-7911,rgoodierat@discuz.net,10709
Brittan Alltimes,113-559-6261,balltimesau@unesco.org,4276
Yale Sacher,671-617-8754,ysacherav@google.pl,18228
Wittie Rubbert,532-142-2247,wrubbertaw@webeden.co.uk,16394
Sibley Cattach,370-996-2352,scattachax@ucoz.com,8155
Daffie Montrose,865-904-6592,dmontroseay@spiegel.de,18438
Sheelagh Cadore,514-165-9569,scadoreaz@cloudflare.com,16100
Alyson Glader,679-310-4413,agladerb0@va.gov,14243
Angil Pering,612-734-7630,aperingb1@cbsnews.com,13194
Adrea Gatherer,875-557-8307,agathererb2@newsvine.com,93
Kahlil Chattell,426-756-9167,kchattellb3@php.net,12198
Mariellen Griffiths,718-202-6929,mgriffithsb4@g.co,8560
Chev McTeer,838-558-8379,cmcteerb5@networkadvertising.org,6229
Manda Cuell,901-134-6849,mcuellb6@npr.org,16696
Whitney Gorden,327-166-0566,wgordenb7@webnode.com,13431
Malia Ugoni,139-423-6440,mugonib8@cbsnews.com,13657
Winfield Denington,730-351-3354,wdeningtonb9@auda.org.au,18088
Dode Rojas,953-420-3263,drojasba@cam.ac.uk,19587
Alameda Hamor,989-122-0261,ahamorbb@google.ca,2095
Jess Dabernott,627-267-9860,jdabernottbc@dagondesign.com,3255
Cullie Carstairs,496-993-2531,ccarstairsbd@nationalgeographic.com,10336
Anetta Clemo,767-840-7132,aclemobe@trellian.com,224
Patrice Abramchik,584-879-2693,pabramchikbf@freewebs.com,13951
Vanny Preshaw,307-881-7433,vpreshawbg@angelfire.com,3176
Cletis Cowpland,537-757-2295,ccowplandbh@marketwatch.com,17826
Allys Hoyer,125-103-6371,ahoyerbi@aol.com,18063
Terra Gurton,141-376-0741,tgurtonbj@oakley.com,15774
Dulcea McGrath,779-762-5353,dmcgrathbk@samsung.com,19823
Kalina Mackieson,861-409-5311,kmackiesonbl@stumbleupon.com,18474
Lauretta Manolov,624-286-2794,lmanolovbm@bbc.co.uk,14791
Giraldo Brudenell,307-509-6269,gbrudenellbn@nyu.edu,8310
Delainey Gully,963-725-1416,dgullybo@ebay.co.uk,8031
Raddie Hukins,427-151-2020,rhukinsbp@huffingtonpost.com,1610
Elliot Casement,505-798-8801,ecasementbq@google.de,14291
Timmie Snelling,221-404-8461,tsnellingbr@wiley.com,710
Bren Over,584-946-2217,boverbs@oaic.gov.au,9079
Konstance Lilly,722-463-4231,klillybt@studiopress.com,9426
Ahmed Guare,735-184-5446,aguarebu@google.fr,14323
Nessy Legonidec,572-281-9150,nlegonidecbv@cbslocal.com,10608
Shelby Chainey,822-797-9686,schaineybw@jiathis.com,387
Tulley McCaghan,119-423-5612,tmccaghanbx@list-manage.com,4694
Devan Whitmore,758-792-0647,dwhitmoreby@washingtonpost.com,3877
Shae Profit,514-945-2597,sprofitbz@youku.com,7568
Hendrika Nutter,690-505-2906,hnutterc0@slashdot.org,2342
Nelie Custed,197-952-9546,ncustedc1@nature.com,3038
Maximilien Beaver,396-955-9825,mbeaverc2@toplist.cz,15932
Lemmy Sperrett,240-287-8897,lsperrettc3@yahoo.com,5529
Bella Tettersell,353-250-4935,btettersellc4@storify.com,13047
Chickie Casbon,545-353-8818,ccasbonc5@bandcamp.com,3274
Magda Conachie,347-434-9991,mconachiec6@canalblog.com,14578
Elnora Pie,922-792-1696,epiec7@google.pl,4277
Brianne Dutton,822-597-8410,bduttonc8@de.vu,12099
Mei Houlden,367-890-3427,mhouldenc9@adobe.com,7437
Noah Stevens,168-878-6326,nstevensca@samsung.com,18706
Lewes Sefton,208-427-9684,lseftoncb@constantcontact.com,5707
Venus Filippello,221-721-5403,vfilippellocc@hud.gov,13937
Norine Ridgers,237-547-3812,nridgerscd@unesco.org,11346
Ibrahim Lerohan,755-892-5374,ilerohance@dedecms.com,12496
Farrah Crossfield,580-951-6278,fcrossfieldcf@nbcnews.com,13889
Dario Palffy,404-274-8111,dpalffycg@blogspot.com,11814
Leonardo Papez,329-521-5625,lpapezch@yandex.ru,9101
Gabrila Skrzynski,653-928-5944,gskrzynskici@ftc.gov,7946
Kimbra Doyley,484-623-6754,kdoyleycj@stanford.edu,276
Ara Sadd,350-976-6024,asaddck@msn.com,7266
Fifine Filipiak,328-829-9321,ffilipiakcl@live.com,1015
Ezra Matasov,735-126-6234,ematasovcm@yahoo.co.jp,15016
Cointon Purcell,703-950-3383,cpurcellcn@nbcnews.com,312
Conrade Randalson,348-705-2571,crandalsonco@webeden.co.uk,15371
Sallyann Deschelle,676-776-8562,sdeschellecp@google.fr,17852
Carlyn Trowsdall,573-512-7208,ctrowsdallcq@bbc.co.uk,13947
Kyla Pettegre,481-365-8935,kpettegrecr@opera.com,8354
Nyssa Grealey,409-831-1511,ngrealeycs@comcast.net,14892
Patrick Crathern,779-150-0164,pcrathernct@eepurl.com,18475
Harlie Tixier,587-819-9719,htixiercu@java.com,17459
Mickey Armes,695-198-3704,marmescv@springer.com,11057
Conn Howatt,600-750-3603,chowattcw@comsenz.com,13115
Patty Headrick,746-526-2681,pheadrickcx@ft.com,3564
Essie Filippello,790-653-7326,efilippellocy@bloglovin.com,11500
Linn Goodlip,615-235-8937,lgoodlipcz@discuz.net,12611
Mela Morratt,836-559-5118,mmorrattd0@deviantart.com,6852
Roze Kenna,904-669-0400,rkennad1@europa.eu,6633
Kendal Harme,935-931-6228,kharmed2@cafepress.com,1830
Goldia Delacourt,871-659-4264,gdelacourtd3@artisteer.com,9537
Victoria Longlands,870-156-4925,vlonglandsd4@epa.gov,13220
Lesley Cocksedge,200-319-0467,lcocksedged5@yahoo.co.jp,8554
Cherish Hubane,128-863-2137,chubaned6@dagondesign.com,16673
Anatollo Duncan,470-790-0150,aduncand7@shop-pro.jp,8537
Kristoffer Keast,287-106-6791,kkeastd8@ustream.tv,19042
Tawsha Jickles,319-459-2257,tjicklesd9@istockphoto.com,5181
Alisha Petrussi,513-546-5410,apetrussida@chicagotribune.com,13796
Tess Niesing,603-393-8317,tniesingdb@unesco.org,16517
Vaughn Plaskitt,588-810-4054,vplaskittdc@economist.com,9595
Krissie Pretor,796-130-9627,kpretordd@washingtonpost.com,15075
Adelaida Malin,227-536-1215,amalinde@ifeng.com,7423
Natty Manktelow,948-527-0136,nmanktelowdf@smh.com.au,1259
Cesar Dealtry,793-746-1636,cdealtrydg@icio.us,5995
Adriano Wakeham,210-930-1567,awakehamdh@yandex.ru,6582
Raquel Kilshaw,736-808-9247,rkilshawdi@cam.ac.uk,3984
Sunshine Keene,615-768-5013,skeenedj@pagesperso-orange.fr,9809
Armando MacRorie,371-447-6590,amacroriedk@uiuc.edu,4979
Rosemary Cunney,674-288-0823,rcunneydl@wikispaces.com,17147
Ermin Foster,542-276-3044,efosterdm@ycombinator.com,14731
Janos Dabinett,277-283-3657,jdabinettdn@symantec.com,5274
Alphonso Parkman,818-102-8954,aparkmando@issuu.com,19096
Kris Tench,535-968-3024,ktenchdp@seesaa.net,10378
Auberon Bourtoumieux,881-446-8856,abourtoumieuxdq@soup.io,11441
Alfred Lavrinov,270-870-5951,alavrinovdr@infoseek.co.jp,18339
Perla Fakes,919-980-1284,pfakesds@state.gov,18879
Thomasine Kelson,310-373-2350,tkelsondt@bloomberg.com,12804
Averill Massel,370-424-2292,amasseldu@redcross.org,17011
Florenza Rosenshine,519-275-1532,frosenshinedv@ezinearticles.com,11112
Sandi Rosellini,815-334-3262,srosellinidw@huffingtonpost.com,11341
Marybeth Jansson,376-557-1637,mjanssondx@sphinn.com,17797
Junette Briston,525-261-0218,jbristondy@free.fr,9112
El Caulder,857-818-6425,ecaulderdz@github.com,17921
Ermin Arstall,833-857-7003,earstalle0@fda.gov,13247
Godart Torbeck,713-601-5028,gtorbecke1@pinterest.com,3776
Ky McEnhill,796-945-5856,kmcenhille2@rambler.ru,16846
Orel Gullifant,871-995-7277,ogullifante3@cocolog-nifty.com,4085
Dena Soaper,121-282-3763,dsoapere4@storify.com,11866
Easter Grotty,951-104-6507,egrottye5@technorati.com,13650
Riordan Boyle,245-911-2896,rboylee6@bloglines.com,522
Vic Dumbleton,968-387-2597,vdumbletone7@oakley.com,15198
Gasper Pitrasso,278-514-9002,gpitrassoe8@1688.com,2908
Margarete Dunbleton,972-160-9763,mdunbletone9@e-recht24.de,8216
Suzy Prangle,862-525-5860,sprangleea@weibo.com,17332
Sunshine Dangerfield,209-544-0376,sdangerfieldeb@mysql.com,16833
Malvin Barmby,961-571-6270,mbarmbyec@sogou.com,12987
Mora Portman,893-850-1123,mportmaned@home.pl,9914
Aubine Titterington,827-514-4766,atitteringtonee@cbc.ca,15444
Gabey McCambridge,990-288-0197,gmccambridgeef@ning.com,3759
Sharla Oulner,826-625-1030,soulnereg@jimdo.com,5151
Kleon Picken,527-313-8873,kpickeneh@livejournal.com,11292
Klaus Rousby,617-867-2977,krousbyei@yelp.com,6050
Mady Segrott,211-774-7389,msegrottej@list-manage.com,11797
Wallis Desvignes,971-185-0852,wdesvignesek@umn.edu,17222
Perry Tuffield,698-599-3051,ptuffieldel@noaa.gov,14567
Sadye Corness,788-302-5128,scornessem@springer.com,3413
Lyman Curphey,517-968-5277,lcurpheyen@dmoz.org,18847
Virgina Tallman,604-168-5988,vtallmaneo@huffingtonpost.com,12909
Jonah Wyness,194-403-9805,jwynessep@skype.com,10449
Normand Pietruszewicz,348-309-1079,npietruszewiczeq@etsy.com,11695
Viole Moorcroft,173-527-0161,vmoorcrofter@so-net.ne.jp,18666
Agustin Peasegod,307-986-3349,apeasegodes@prnewswire.com,14053
Maddie Vittori,636-204-9399,mvittoriet@devhub.com,5382
Kikelia Jollye,581-824-4942,kjollyeeu@boston.com,11100
Jessalyn Telling,617-684-3822,jtellingev@yale.edu,13025
Tod Piddock,809-884-7225,tpiddockew@t-online.de,13241
Aldon Hinners,245-205-3162,ahinnersex@bloomberg.com,17477
Corry Kid,550-831-7528,ckidey@apache.org,13687
Hayley Postlethwaite,254-365-8576,hpostlethwaiteez@home.pl,17471
Joly Sanders,162-226-6448,jsandersf0@unc.edu,428
Ros Hounsome,419-376-7545,rhounsomef1@quantcast.com,14213
Hyacintha Ballchin,743-474-1771,hballchinf2@admin.ch,11658
Derron Sheppey,765-680-6167,dsheppeyf3@ow.ly,5520
Nisse Burnage,231-891-5502,nburnagef4@infoseek.co.jp,13018
Stafford Buddell,578-623-5049,sbuddellf5@omniture.com,6734
Benedetta Sappell,542-288-2136,bsappellf6@privacy.gov.au,14460
Phillip Foran,770-232-7694,pforanf7@xrea.com,5263
Lula Land,418-145-5986,llandf8@devhub.com,16322
Horatio Tittershill,159-848-0051,htittershillf9@vkontakte.ru,1948
Morly Maw,702-954-9210,mmawfa@people.com.cn,15685
Skylar Hallet,260-134-0372,shalletfb@spotify.com,11096
Dalston Peacock,269-685-6237,dpeacockfc@ycombinator.com,11382
Brigid Glentz,584-262-6811,bglentzfd@w3.org,14077
Willie Tomas,523-127-7639,wtomasfe@ebay.com,6948
Esteban Boshier,735-390-6855,eboshierff@nytimes.com,12525
Paulita Skinn,168-761-8573,pskinnfg@icio.us,1935
Farlie Akess,265-677-2236,fakessfh@hatena.ne.jp,4125
Madalena Cantua,869-837-2938,mcantuafi@hc360.com,16821
Dehlia Glashby,321-471-9081,dglashbyfj@hc360.com,16915
Ilse Tumilty,160-401-5715,itumiltyfk@google.es,18531
Nissa Salerno,173-260-4649,nsalernofl@dailymail.co.uk,6824
Lilly Bidder,417-230-5525,lbidderfm@java.com,7826
Seka Domenc,597-915-6003,sdomencfn@deviantart.com,12600
Eberhard Babbe,861-574-6224,ebabbefo@geocities.jp,9219
Constance Odda,904-664-7271,coddafp@examiner.com,19972
Goddart McClenan,763-531-7595,gmcclenanfq@nydailynews.com,11205
Fredi Atthow,712-354-4089,fatthowfr@360.cn,3034
Eadith Conwell,415-210-9475,econwellfs@boston.com,13054
Desi Nevitt,199-669-7595,dnevittft@bbb.org,12419
Ansley Semmence,959-222-4464,asemmencefu@twitpic.com,14751
Arvy Guterson,420-794-9858,agutersonfv@columbia.edu,8714
Caty Brumfitt,171-688-2828,cbrumfittfw@constantcontact.com,6037
Beaufort Bischop,151-841-5742,bbischopfx@weather.com,10054
Imogene Schach,810-418-8439,ischachfy@mapquest.com,6239
Natal Crunkhurn,404-938-9333,ncrunkhurnfz@nyu.edu,13879
Bridie Arne,445-274-6707,barneg0@scribd.com,8397
Donica Krier,797-657-0820,dkrierg1@digg.com,9349
Saraann Minogue,198-738-8437,sminogueg2@behance.net,2244
Dylan Scrinage,142-368-3838,dscrinageg3@phoca.cz,1027
Riva Merali,127-315-5766,rmeralig4@prnewswire.com,18919
Malena Blucher,546-426-0177,mblucherg5@mayoclinic.com,1434
Dore Ondrak,822-866-1388,dondrakg6@ocn.ne.jp,4639
Amye Flatman,868-740-8852,aflatmang7@arstechnica.com,2397
Cass Ghidoni,945-570-8969,cghidonig8@fema.gov,3719
Richardo Tough,955-306-2101,rtoughg9@addthis.com,7873
Johnnie Como,734-637-2956,jcomoga@multiply.com,11959
Elwood Ghiroldi,978-827-9847,eghiroldigb@twitter.com,6867
Justus Gretton,614-451-8366,jgrettongc@bandcamp.com,12564
Gardener Pitts,452-818-1283,gpittsgd@chicagotribune.com,6696
Aleen Raper,429-437-9265,araperge@opera.com,16470
Austine Hecks,578-223-6343,ahecksgf@mac.com,13931
Clive Samson,965-315-0198,csamsongg@macromedia.com,5606
Aldon Servant,374-579-8087,aservantgh@admin.ch,997
Megen Nuttey,295-208-4709,mnutteygi@ovh.net,4681
Locke Chamney,845-248-4766,lchamneygj@weebly.com,4753
Billie Lamerton,558-574-7361,blamertongk@cnet.com,10249
Halli Bedson,684-939-3173,hbedsongl@reverbnation.com,9101
Karna Blackwood,199-161-4563,kblackwoodgm@deliciousdays.com,16276
Ardella Weddeburn - Scrimgeour,731-184-7902,aweddeburngn@google.ru,6958
Nan Cakebread,408-401-3923,ncakebreadgo@foxnews.com,11251
Dorthy Mazey,173-624-9379,dmazeygp@state.tx.us,13114
Katie Pennetta,813-414-4142,kpennettagq@sakura.ne.jp,5667
Sheri Durand,731-434-4240,sdurandgr@unc.edu,1805
Simona Feeley,178-431-1524,sfeeleygs@tinyurl.com,11186
Jarrod Milmore,344-851-3018,jmilmoregt@unc.edu,13225
Mitzi McTiernan,887-153-1251,mmctiernangu@a8.net,1828
Pietrek Hayselden,485-700-5159,phayseldengv@irs.gov,18083
Miguel Skures,322-241-4396,mskuresgw@nydailynews.com,11195
Mahalia Griffin,947-844-4112,mgriffingx@t-online.de,14908
Cherry Epine,337-955-4010,cepinegy@e-recht24.de,17017
Byrom Gergler,103-548-6464,bgerglergz@fastcompany.com,11927
Harcourt Mc Cahey,984-781-7990,hmch0@yahoo.co.jp,14657
Penny Wrightson,566-822-1619,pwrightsonh1@discuz.net,17985
Opalina Lukesch,209-232-7674,olukeschh2@ocn.ne.jp,17213
Elisabeth Bestman,728-109-6468,ebestmanh3@about.com,10489
Kaylee Halligan,747-254-8699,khalliganh4@seattletimes.com,13061
Helge Philipsson,218-536-1593,hphilipssonh5@elpais.com,17383
Adham Yonge,132-921-5940,ayongeh6@vk.com,7068
Ruthi Twelves,663-643-1347,rtwelvesh7@bloomberg.com,8543
Jany Wyne,891-252-2913,jwyneh8@gravatar.com,18617
Jourdain Bucknill,348-173-0985,jbucknillh9@craigslist.org,18234
Tildy Piercey,183-239-4385,tpierceyha@bing.com,10285
Rebeka Dinneen,363-740-6597,rdinneenhb@fc2.com,18427
Drusilla Badwick,631-142-8247,dbadwickhc@google.es,19249
Remus Greve,628-253-9771,rgrevehd@nature.com,10315
Devi Dewer,857-963-7238,ddewerhe@hc360.com,4459
Jeanine Ricketts,705-119-6970,jrickettshf@bloglovin.com,19892
Tanny Exelby,598-923-9898,texelbyhg@google.com.au,5932
Blinny Nottle,543-539-8927,bnottlehh@moonfruit.com,3534
Arnaldo Bucham,764-533-4501,abuchamhi@eventbrite.com,12511
Rosina McGuigan,960-276-4819,rmcguiganhj@marriott.com,15831
Avigdor Whitlam,300-979-6474,awhitlamhk@wix.com,6364
Hale Reely,131-413-7483,hreelyhl@wordpress.org,5425
Nettle Cappell,207-336-1377,ncappellhm@usnews.com,13754
Elsey Burkin,149-140-3128,eburkinhn@com.com,10176
Dotty Trodden,278-470-4551,dtroddenho@ning.com,9841
Elston Fryd,789-101-8107,efrydhp@techcrunch.com,14693
Thorndike Corriea,672-660-7706,tcorrieahq@1688.com,13039
Yalonda Tulley,759-141-8790,ytulleyhr@indiegogo.com,11801
Lenci Loomes,312-471-1236,lloomeshs@clickbank.net,4928
Jacqueline Orford,329-340-1507,jorfordht@intel.com,2910
Trevar Pullar,323-382-7634,tpullarhu@go.com,18819
Leora Ellice,414-412-7082,lellicehv@forbes.com,6148
Jorey Janauschek,471-317-4001,jjanauschekhw@wufoo.com,13557
Stirling Lamers,587-141-2160,slamershx@archive.org,14300
Constancia Woolgar,533-181-1832,cwoolgarhy@ucoz.ru,5688
Agosto Gerrans,962-535-6303,agerranshz@opera.com,518
Frieda Labon,734-130-9789,flaboni0@time.com,3976
Pyotr Aucock,614-900-4913,paucocki1@columbia.edu,8994
Christopher Ludl,804-304-3194,cludli2@discuz.net,260
Livvyy Woodroof,299-292-6895,lwoodroofi3@cbslocal.com,8352
Travus Keane,201-274-4585,tkeanei4@symantec.com,6573
Pierre Davey,552-255-4970,pdaveyi5@dailymotion.com,2117
Niccolo Neilan,837-333-6128,nneilani6@phpbb.com,9653
Estrellita Batalini,273-190-0515,ebatalinii7@cisco.com,1589
Park Beasley,270-426-8857,pbeasleyi8@canalblog.com,1811
Davidson Dallinder,268-966-1938,ddallinderi9@rediff.com,2047
Julie Camamill,537-159-6011,jcamamillia@imgur.com,4069
Darryl Keeting,721-658-3365,dkeetingib@sciencedirect.com,16891
Alvira Maling,798-705-8426,amalingic@gmpg.org,19331
Lillian Larvin,800-165-3760,llarvinid@admin.ch,1087
Martin Cottie,158-522-8220,mcottieie@imageshack.us,4798
Jordain Tompkins,466-362-0695,jtompkinsif@surveymonkey.com,3271
Eric MacComiskey,243-172-5141,emaccomiskeyig@people.com.cn,1536
Wilhelm Seawright,353-270-7507,wseawrightih@yandex.ru,10942
Gasper Key,145-445-4680,gkeyii@ycombinator.com,7338
Orren Brommage,897-192-5223,obrommageij@barnesandnoble.com,1950
Neddy Sides,164-958-3348,nsidesik@chicagotribune.com,1692
Celine Zimek,779-323-4541,czimekil@gnu.org,7632
Kerwinn Boyda,754-233-0659,kboydaim@ibm.com,13450
Moria Rillett,531-182-9558,mrillettin@xing.com,4977
Matelda Wayvill,989-582-4110,mwayvillio@patch.com,15270
Morton Wessel,242-185-9038,mwesselip@umich.edu,8887
Brigg Tal,505-614-7818,btaliq@weibo.com,476
Ellwood Audritt,214-396-5815,eaudrittir@storify.com,3622
Alley Maisey,813-121-9564,amaiseyis@multiply.com,10187
Herc Diment,393-505-9722,hdimentit@topsy.com,11785
Pansy Armour,167-140-9313,parmouriu@ebay.co.uk,14641
Hugibert Dalliston,395-603-2110,hdallistoniv@infoseek.co.jp,18275
Inglis Gullivan,731-791-1693,igullivaniw@businessinsider.com,11452
Jesus Eidelman,847-729-7979,jeidelmanix@cafepress.com,9532
Kevina Jablonski,661-784-7077,kjablonskiiy@twitter.com,4853
Anselm Orchart,204-696-6213,aorchartiz@oracle.com,9199
Stewart Townend,431-172-7458,stownendj0@bing.com,18399
Joanie Mansbridge,444-529-2471,jmansbridgej1@mit.edu,2001
Trina Impson,719-966-0473,timpsonj2@google.fr,14096
Bernette Roz,775-459-5294,brozj3@woothemes.com,14396
Bab Wyness,207-709-3448,bwynessj4@nature.com,14842
Robb Zellick,975-125-9508,rzellickj5@people.com.cn,8317
Ignazio Stamps,803-302-4475,istampsj6@slideshare.net,6293
Charlean Mewis,384-316-4771,cmewisj7@yelp.com,19687
Bertie Maddinon,220-107-0638,bmaddinonj8@wsj.com,10192
Joann Waring,677-466-1544,jwaringj9@noaa.gov,11772
Francesca Lambe,478-899-1337,flambeja@indiegogo.com,2692
Kilian Pallesen,457-386-4843,kpallesenjb@dyndns.org,7872
Cherice Antognozzii,651-878-0634,cantognozziijc@smh.com.au,12650
Rad Ragsdall,695-406-7102,rragsdalljd@zimbio.com,4537
Arte Ketts,117-530-7716,akettsje@trellian.com,13695
Hew Trevino,199-860-7110,htrevinojf@amazon.co.jp,18719
Belle De Francesco,829-260-8832,bdejg@bloglovin.com,16953
Cherye Rodger,217-352-4958,crodgerjh@apple.com,4085
Riva Van den Velde,246-598-9777,rvanji@springer.com,6728
Lucilia Whitehurst,427-668-5827,lwhitehurstjj@wordpress.com,8825
Gianna Paver,148-581-2993,gpaverjk@cdc.gov,16338
Brandon Uren,324-254-1650,burenjl@google.ru,2673
Torrie Tivers,461-997-6521,ttiversjm@a8.net,3824
Saunderson Human,109-246-3477,shumanjn@behance.net,16501
Wilmar Traut,340-111-9653,wtrautjo@printfriendly.com,7116
Alfy Hubbock,926-924-0640,ahubbockjp@amazonaws.com,6834
Mariellen Berthod,415-587-0986,mberthodjq@nyu.edu,126
Che Feldbaum,597-463-5844,cfeldbaumjr@huffingtonpost.com,5040
Hagan Demelt,437-732-0289,hdemeltjs@cpanel.net,10911
Damien Mathou,310-867-7819,dmathoujt@prlog.org,40
Ceil Minster,238-616-2241,cminsterju@bloglines.com,7066
Justen Maciunas,389-587-6290,jmaciunasjv@accuweather.com,16768
Nixie Orum,242-556-1144,norumjw@prlog.org,321
Ailey Pitbladdo,266-316-5986,apitbladdojx@liveinternet.ru,9712
Gusella Congreave,975-926-2007,gcongreavejy@bandcamp.com,120
Almeda Mintrim,207-223-4631,amintrimjz@abc.net.au,11131
Chiquita Lamblot,630-722-7373,clamblotk0@dedecms.com,2603
Sarine Prophet,723-662-5553,sprophetk1@vkontakte.ru,6091
Tallulah Eastwood,855-615-3377,teastwoodk2@statcounter.com,5655
Karon O' Bee,282-823-0495,kok3@wufoo.com,5119
Jaquelin Bischop,816-101-5478,jbischopk4@hostgator.com,7678
Ikey Twentyman,173-993-5347,itwentymank5@spotify.com,1426
Janos Moorerud,944-921-1927,jmoorerudk6@pinterest.com,4620
Emmalynn Wallace,389-266-6236,ewallacek7@hud.gov,13385
Gayla Batchelour,333-813-0650,gbatchelourk8@mapquest.com,5532
Jeannie Mushett,471-196-0006,jmushettk9@123-reg.co.uk,14566
Kristoffer Eaken,590-336-8668,keakenka@tripadvisor.com,11958
Valry Alvey,243-151-6598,valveykb@blogspot.com,13402
Harlen Fredi,964-745-9636,hfredikc@apache.org,16970
Tabor Rottger,206-540-5505,trottgerkd@mashable.com,16238
Lavena Server,930-718-3632,lserverke@nsw.gov.au,6104
Jackelyn Ronchetti,685-559-3325,jronchettikf@nbcnews.com,12056
Aldridge Lanyon,973-287-9326,alanyonkg@java.com,3715
Emmery Brugman,931-450-5986,ebrugmankh@irs.gov,10730
Marthe Caw,233-231-2708,mcawki@foxnews.com,17458
Tammy Bonnett,321-368-7981,tbonnettkj@photobucket.com,1620
Sarge Kuhn,287-708-6085,skuhnkk@geocities.jp,7923
Lennard McEllen,674-459-6706,lmcellenkl@auda.org.au,1181
Leicester Shouler,176-591-7097,lshoulerkm@histats.com,750
Cele Bletcher,661-460-4478,cbletcherkn@jiathis.com,1216
Myrtice Bough,600-327-8593,mboughko@bigcartel.com,1316
Lilla Leftwich,864-515-5567,lleftwichkp@zdnet.com,12857
Twila Bowell,971-891-7849,tbowellkq@ted.com,6261
Paulette McAllen,956-227-8712,pmcallenkr@gmpg.org,4070
Kalvin Lambal,827-930-3290,klambalks@multiply.com,18944
Eliot Pervew,318-164-9317,epervewkt@google.fr,5915
Rowland Mattheeuw,307-285-5423,rmattheeuwku@yellowbook.com,604
Katherina MacSherry,966-354-5218,kmacsherrykv@cmu.edu,3210
Hedwig Baxendale,810-931-7984,hbaxendalekw@dot.gov,12035
Raff Griggs,507-800-2229,rgriggskx@bbb.org,1598
Piotr Garratty,648-810-3591,pgarrattyky@privacy.gov.au,8590
Sherry Dullingham,315-954-3616,sdullinghamkz@amazonaws.com,2809
Benny Rosberg,191-317-5321,brosbergl0@cafepress.com,18362
Puff Drohane,716-338-7653,pdrohanel1@cnbc.com,9258
Buffy Kerby,912-584-7650,bkerbyl2@cocolog-nifty.com,9181
Melany Godball,658-430-1095,mgodballl3@liveinternet.ru,18507
Eolande Abrahamoff,815-466-7954,eabrahamoffl4@nifty.com,5904
Consalve Klimkiewich,769-365-4183,cklimkiewichl5@purevolume.com,4432
Othilia Ambresin,250-616-3744,oambresinl6@wisc.edu,15912
Eda Kilgrove,255-301-7109,ekilgrovel7@ocn.ne.jp,2110
Shellie Cuschieri,195-792-2428,scuschieril8@ifeng.com,9540
Teodora Pickhaver,203-587-5563,tpickhaverl9@reddit.com,9876
Dynah Hallock,158-376-9605,dhallockla@ebay.co.uk,471
Sibelle Stansby,859-531-3970,sstansbylb@apple.com,13332
Hildegaard Briers,778-395-0992,hbrierslc@jalbum.net,16843
Niles Davioud,381-163-5769,ndavioudld@ftc.gov,10764
Natassia Lattey,370-115-9718,nlatteyle@hao123.com,6885
Pren Backshill,607-898-9497,pbackshilllf@discovery.com,1508
Townie Doyley,852-377-2907,tdoyleylg@ca.gov,4372
Ora Stode,950-204-7258,ostodelh@slashdot.org,1127
Horacio Maltman,968-207-4840,hmaltmanli@squarespace.com,14405
Abner Osant,899-567-6663,aosantlj@myspace.com,16754
Caspar Tullot,722-615-8575,ctullotlk@noaa.gov,19941
Barny Book,162-148-4889,bbookll@guardian.co.uk,625
Joanne Kitson,706-207-2765,jkitsonlm@tumblr.com,10526
Robin Rickson,654-534-3709,rricksonln@cdc.gov,13619
Yoshiko Fittall,769-802-3353,yfittalllo@google.com.br,15788
Binnie Cory,815-771-8988,bcorylp@ifeng.com,740
Adrianna Liversley,176-288-7098,aliversleylq@nhs.uk,2931
Gonzales Peeters,929-641-7457,gpeeterslr@xing.com,11561
Wynne Start,203-364-7584,wstartls@seattletimes.com,2420
Laurence Wallis,268-743-1157,lwallislt@i2i.jp,15016
Irena Jeskin,976-872-3103,ijeskinlu@sfgate.com,18917
Burk Cromett,646-240-3419,bcromettlv@unc.edu,19690
Chauncey Alben,493-268-8015,calbenlw@constantcontact.com,12780
Lexie Sherewood,195-972-5567,lsherewoodlx@springer.com,5568
Anetta Croisier,869-845-8234,acroisierly@amazon.co.jp,12939
Stearne Roselli,852-141-1600,srosellilz@tiny.cc,14480
Ashlie Dytham,309-967-3659,adythamm0@paginegialle.it,10939
Gilly Neiland,238-606-6906,gneilandm1@csmonitor.com,6003
Prentiss Gingell,469-873-7209,pgingellm2@pagesperso-orange.fr,3387
Tine Worwood,675-288-3182,tworwoodm3@amazon.de,7931
Roddie Bus,550-489-5997,rbusm4@lulu.com,4932
Reuben Edling,379-529-7775,redlingm5@nationalgeographic.com,2800
Tansy Tembey,795-290-0150,ttembeym6@alexa.com,14651
Duffie Ilbert,516-498-0565,dilbertm7@qq.com,12750
Winnah Gomer,606-325-2688,wgomerm8@yellowpages.com,12368
Vonni Skahill,562-823-7325,vskahillm9@europa.eu,4209
Robinetta Butson,550-230-8091,rbutsonma@ameblo.jp,8692
Amalia Talboy,113-172-8065,atalboymb@forbes.com,8617
Jillie Fairbourn,297-435-9320,jfairbournmc@yandex.ru,7103
Sig Lightbourn,512-844-6874,slightbournmd@weebly.com,10172
Kristen Kilsby,379-757-7877,kkilsbyme@un.org,12412
Gran Limprecht,848-353-3601,glimprechtmf@narod.ru,15987
Debera Skaife d'Ingerthorpe,882-989-5469,dskaifemg@omniture.com,5531
Van Packham,536-932-2064,vpackhammh@gov.uk,11411
Hali Filkin,535-617-3534,hfilkinmi@naver.com,1318
Jeddy Death,283-186-8592,jdeathmj@squidoo.com,13970
Marge Andryunin,344-431-1759,mandryuninmk@dyndns.org,16318
Cristobal Luten,719-273-6313,clutenml@mozilla.com,17828
Eula Blaw,348-434-5846,eblawmm@surveymonkey.com,14451
Rudiger Roundtree,562-291-9319,rroundtreemn@alexa.com,8952
Isidoro Mintoft,726-725-8195,imintoftmo@elegantthemes.com,9133
Cahra Rozzell,158-589-1126,crozzellmp@jugem.jp,49
Gabriella Spain-Gower,431-396-7713,gspaingowermq@indiatimes.com,1237
Marcel Estable,249-316-7165,mestablemr@hugedomains.com,13950
Betteann Vasiliu,905-130-7096,bvasiliums@fema.gov,11566
Brandise Rippingale,419-322-1481,brippingalemt@fema.gov,3997
Maighdiln Cucinotta,451-623-5604,mcucinottamu@pbs.org,4734
Legra Shalloo,939-542-5894,lshalloomv@booking.com,16986
Lemar Giacomi,872-743-1186,lgiacomimw@craigslist.org,12118
Evvie Picardo,604-115-7429,epicardomx@elegantthemes.com,986
Jeanette Sandaver,283-746-4421,jsandavermy@microsoft.com,8216
Carlen Soall,785-495-4882,csoallmz@wisc.edu,9855
Flore Jean,876-309-6952,fjeann0@cnn.com,14232
Nickie Hillum,669-318-2119,nhillumn1@apple.com,1972
Merridie Doxsey,427-668-6486,mdoxseyn2@nifty.com,11308
Blakelee Mathwen,340-156-6970,bmathwenn3@yellowpages.com,15419
May Frosch,114-602-3534,mfroschn4@slate.com,12574
Feliks Mucklestone,791-890-4737,fmucklestonen5@comsenz.com,15601
Clemente Rustan,851-937-5161,crustann6@biglobe.ne.jp,16592
Wallis Parlor,999-503-3079,wparlorn7@quantcast.com,2100
Wash Thumnel,697-159-2453,wthumneln8@gizmodo.com,9498
Clemens Cashen,461-425-8330,ccashenn9@china.com.cn,4941
Alaine Magnus,262-860-4644,amagnusna@livejournal.com,5650
Stacia Arthars,743-469-3573,sartharsnb@pbs.org,2479
Bendicty Luckwell,182-207-7450,bluckwellnc@twitter.com,17759
Jerrilee Minchindon,979-380-8256,jminchindonnd@columbia.edu,3481
Genevra Cicetti,582-724-4878,gcicettine@tinyurl.com,19151
Chalmers Wildor,870-891-9669,cwildornf@msu.edu,2355
Evaleen Lettington,888-620-7831,elettingtonng@sphinn.com,960
Arleta Witherup,988-508-7104,awitherupnh@spotify.com,13033
Hanna Vasilov,758-508-1953,hvasilovni@a8.net,4055
Hermann Marrington,196-591-6418,hmarringtonnj@t-online.de,9624
Berny Gibby,665-693-6169,bgibbynk@yale.edu,3746
Lena Pithcock,335-484-7403,lpithcocknl@furl.net,3588
Lukas Gascoigne,800-155-2898,lgascoignenm@wordpress.org,12194
Sylvester Slobom,239-268-2615,sslobomnn@irs.gov,16090
Darelle Shepton,534-653-5349,dsheptonno@qq.com,4226
Grantham Braferton,665-507-0005,gbrafertonnp@auda.org.au,10693
Thorpe Flegg,241-807-7941,tfleggnq@admin.ch,3269
Jakie Tythe,899-581-7473,jtythenr@vkontakte.ru,12102
Ulises Farren,162-727-7921,ufarrenns@mapquest.com,6431
Andie Freckleton,603-184-2854,afreckletonnt@adobe.com,18378
Jeanette Hoonahan,808-199-9892,jhoonahannu@printfriendly.com,9960
Earle Delyth,872-721-4208,edelythnv@elegantthemes.com,15379
Sabrina Maliffe,164-203-5015,smaliffenw@t.co,6431
Kalvin Persence,756-770-4329,kpersencenx@amazonaws.com,141
Jaimie Philo,615-427-8075,jphilony@dell.com,15028
Ulric Weale,758-390-5157,uwealenz@xinhuanet.com,16036
Lexine Pesek,976-216-1823,lpeseko0@squidoo.com,6627
Kirstin Shakespeare,552-782-6516,kshakespeareo1@indiegogo.com,1857
Zachery Hinkins,534-133-7692,zhinkinso2@fastcompany.com,5442
Robin Corkish,666-623-4055,rcorkisho3@cnet.com,6417
Alvinia Rucklidge,344-482-5381,arucklidgeo4@booking.com,12194
Kore Burthom,731-418-8440,kburthomo5@cnbc.com,17489
Donavon Guitt,280-874-2868,dguitto6@examiner.com,17183
Debra Corsor,179-245-4916,dcorsoro7@comsenz.com,15179
Malissa Minguet,243-639-7509,mmingueto8@nydailynews.com,1848
Brodie Humburton,360-678-9531,bhumburtono9@seesaa.net,1761
Ericha Buscher,911-140-7789,ebuscheroa@github.com,16726
Elias McGrath,962-272-2239,emcgrathob@cnbc.com,18950
Elbertina Timmermann,635-665-4449,etimmermannoc@hugedomains.com,1671
Lia Lyfe,274-657-5916,llyfeod@nydailynews.com,10887
Abbot Cleevely,890-313-4861,acleevelyoe@tumblr.com,12264
Rania Filler,673-991-1988,rfillerof@istockphoto.com,4900
Frankie Cormack,748-457-9407,fcormackog@exblog.jp,18766
Joyce Hamlett,832-604-2688,jhamlettoh@who.int,12734
Luca Measom,750-929-4123,lmeasomoi@baidu.com,14080
Merline Quinnette,432-914-9648,mquinnetteoj@economist.com,15220
Johannah Buchett,983-925-6260,jbuchettok@discuz.net,15255
Selma Starte,838-118-7775,sstarteol@google.it,18459
Thoma Bartholomew,849-951-7087,tbartholomewom@buzzfeed.com,13713
Lillian Headon,393-443-8756,lheadonon@stanford.edu,13128
Natalya Boulger,169-300-6900,nboulgeroo@slideshare.net,14252
Mireielle Perel,935-844-0021,mperelop@blogtalkradio.com,7202
Leela Petrussi,814-885-5377,lpetrussioq@shinystat.com,4089
Ginnifer Leicester,841-948-2306,gleicesteror@yale.edu,8694
Ginny Gilbank,223-246-0025,ggilbankos@disqus.com,7178
Corrina Townsley,146-739-3880,ctownsleyot@sfgate.com,13094
Baird Mangin,988-402-0580,bmanginou@github.io,17327
Emmye Tamlett,718-997-5766,etamlettov@addthis.com,15030
Massimo Warke,939-168-7125,mwarkeow@weather.com,10084
Oralla Beacock,216-429-4572,obeacockox@samsung.com,19227
Georgine Cockcroft,271-802-2261,gcockcroftoy@wunderground.com,10276
Joyce Mewton,994-690-7292,jmewtonoz@sbwire.com,14839
