nome,telefone,email,gasto
Kora Barlthrop,915-396-8590,kbarlthrop0@wikispaces.com,2413
Bunnie Argue,587-349-6064,bargue1@go.com,15326
Cornie Sabberton,964-481-3879,csabberton2@wikia.com,19537
Georgianna Gott,634-829-9172,ggott3@seattletimes.com,10557
Dorey Lawday,555-312-3846,dlawday4@fda.gov,12902
Pegeen Gillitt,246-277-8175,pgillitt5@answers.com,16169
Martainn Swinley,343-315-9893,mswinley6@salon.com,9682
Helyn Tedder,730-265-3801,htedder7@wiley.com,7593
Guilbert Mawby,196-706-1144,gmawby8@123-reg.co.uk,9867
Siobhan Frackiewicz,880-235-6337,sfrackiewicz9@cisco.com,4936
Rebe Lalonde,702-541-9906,rlalondea@google.pl,16416
Matthieu Gorick,773-510-2408,mgorickb@bloglines.com,17111
Agace Wornham,158-316-4428,awornhamc@dagondesign.com,15720
Alex Feehery,365-374-9847,afeeheryd@engadget.com,1422
Antonia Durward,321-393-8562,adurwarde@flickr.com,15840
Tommy Syddall,178-233-2231,tsyddallf@zdnet.com,13116
Delcina Greatland,289-150-6434,dgreatlandg@dyndns.org,16450
Agnese Longshaw,788-272-3922,alongshawh@mozilla.com,19083
Alejandro Yashin,526-931-5993,ayashini@utexas.edu,13545
Stearne Ungerechts,565-875-8350,sungerechtsj@livejournal.com,15205
Charley Palmer,634-364-4957,cpalmerk@google.com.br,17090
Nikos Bridgwater,797-490-6724,nbridgwaterl@auda.org.au,883
Lionello Bortolussi,674-846-1682,lbortolussim@forbes.com,14253
Fabiano Burbridge,970-403-6547,fburbridgen@state.tx.us,12445
Julia Minguet,417-595-7387,jmingueto@yolasite.com,15151
Ettore Filon,927-265-9404,efilonp@i2i.jp,6667
Karen McCroft,638-524-9354,kmccroftq@businessinsider.com,3928
Zelma O'Feeny,320-778-2083,zofeenyr@washington.edu,18775
Sibel Fulk,805-966-7601,sfulks@uiuc.edu,15206
Justine Harrap,529-729-0997,jharrapt@dyndns.org,12213
Addie Tidbury,353-368-7494,atidburyu@myspace.com,3728
Yettie Jarad,414-866-1250,yjaradv@sbwire.com,1617
Fee Forber,364-619-6780,fforberw@globo.com,17081
Bessie Wardel,833-789-6928,bwardelx@google.com.br,16878
Tonia Stode,496-828-3526,tstodey@acquirethisname.com,12065
Abelard Corbould,684-369-6026,acorbouldz@unicef.org,4290
Johannah Extil,203-431-8540,jextil10@nhs.uk,3819
Carmencita Clue,235-719-3190,cclue11@mapquest.com,5677
Nolly Gush,950-483-6725,ngush12@vkontakte.ru,5292
Amity Jurgensen,449-379-6314,ajurgensen13@ebay.com,10578
Tallie Queree,577-521-7224,tqueree14@posterous.com,6018
Leone Fildery,643-905-8179,lfildery15@pen.io,13179
Son Yu,879-337-3327,syu16@xing.com,16048
Ginger Tawn,944-510-5076,gtawn17@ask.com,5507
Norbert Lammenga,715-543-0829,nlammenga18@cornell.edu,8457
Pavel Stiegars,140-445-3610,pstiegars19@usda.gov,14343
Athene De Metz,285-355-9626,ade1a@ft.com,9863
Fallon Jagels,245-764-4211,fjagels1b@twitpic.com,10617
Cyndie Crampsey,281-640-5057,ccrampsey1c@census.gov,13137
Zacharias Blenkiron,862-250-7916,zblenkiron1d@sun.com,3380
Ches Bew,910-634-8170,cbew1e@indiatimes.com,12048
Gayla Gurnee,434-195-7199,ggurnee1f@angelfire.com,8743
Audra Tschirschky,270-709-7350,atschirschky1g@google.pl,5953
Chandra Turville,366-879-7451,cturville1h@nhs.uk,14911
Easter Pilmore,378-785-8638,epilmore1i@auda.org.au,14574
Rollins Billing,893-531-0158,rbilling1j@yellowpages.com,757
Olia Seabert,168-703-4530,oseabert1k@google.com.hk,2464
Laurie McKeag,408-390-0409,lmckeag1l@vistaprint.com,10740
Silvio Narducci,994-351-4940,snarducci1m@github.com,6490
Bambi MacTavish,643-591-1255,bmactavish1n@ow.ly,6410
Boycey Kee,464-896-4381,bkee1o@msu.edu,2634
Nessi Dallon,792-389-1403,ndallon1p@oakley.com,4407
Agnes Carncross,660-233-8834,acarncross1q@weather.com,18056
Marie-jeanne Kochl,599-555-7341,mkochl1r@hao123.com,16897
Rustin Le Noury,951-956-0430,rle1s@reverbnation.com,12386
Quinta Fitzharris,718-289-7401,qfitzharris1t@sourceforge.net,11226
Midge Delahunty,919-301-5561,mdelahunty1u@samsung.com,19955
Orv Ellens,496-105-9605,oellens1v@youku.com,14516
Maggee Daysh,253-119-0798,mdaysh1w@craigslist.org,1548
Rodge Brownhill,538-612-5617,rbrownhill1x@cbslocal.com,15240
Calypso Pirolini,757-651-6636,cpirolini1y@mac.com,14990
Prisca Husthwaite,581-488-6085,phusthwaite1z@cbc.ca,19481
Jeffie Rassell,902-640-5776,jrassell20@123-reg.co.uk,2957
Vern MacTerlagh,722-378-3041,vmacterlagh21@t.co,9543
Sherye Pina,305-683-7510,spina22@rediff.com,2205
Darcie Merioth,726-676-2680,dmerioth23@nsw.gov.au,19544
Fawn Merrgen,729-675-0775,fmerrgen24@ocn.ne.jp,3998
Brose Isacke,998-958-9964,bisacke25@shop-pro.jp,541
Idaline Crackel,856-908-7257,icrackel26@constantcontact.com,13994
Valle Farens,321-565-5359,vfarens27@upenn.edu,17487
Elbertina Haggus,834-890-6681,ehaggus28@nydailynews.com,14252
Marwin Cramp,736-396-4476,mcramp29@mashable.com,2537
Thain Lynas,739-252-0606,tlynas2a@linkedin.com,12633
Dev Riding,793-720-1592,driding2b@smh.com.au,18858
Esra Carus,805-121-0453,ecarus2c@creativecommons.org,17137
Wallache Lissimore,209-731-3806,wlissimore2d@businesswire.com,14334
Tracie Cohen,594-117-2079,tcohen2e@comcast.net,3111
Tobiah MacTrustam,632-896-5256,tmactrustam2f@chronoengine.com,14673
Paule Crumb,946-415-8916,pcrumb2g@tripod.com,1597
Brittany Whiff,905-214-1688,bwhiff2h@bbc.co.uk,10969
Willabella Cornu,738-529-8118,wcornu2i@state.gov,7465
Raddie Hindrick,146-931-6196,rhindrick2j@latimes.com,19001
Sadella Sindle,276-493-5072,ssindle2k@chron.com,10704
Teri Stonelake,880-826-7520,tstonelake2l@hibu.com,11657
Warde Golborn,644-969-9597,wgolborn2m@opensource.org,5560
Jeramie Bernard,266-489-7358,jbernard2n@go.com,529
Jeannie O'Cridigan,140-353-8089,jocridigan2o@newsvine.com,5387
Carrie Rust,861-873-7213,crust2p@wix.com,14677
Ann Lievesley,300-853-9818,alievesley2q@fema.gov,11283
Richardo Fydoe,160-978-1544,rfydoe2r@weibo.com,19031
